payment_id,subscription_id,amount,payment_date,status
1,3,29,2025-06-08,success
2,3,29,2025-07-08,success
3,3,29,2025-08-07,success
4,3,29,2025-09-06,success
5,3,29,2025-10-06,success
6,3,29,2025-11-05,success
7,3,29,2025-12-05,success
8,3,29,2026-01-04,success
9,3,29,2026-02-03,success
10,3,29,2026-03-05,failed
11,3,29,2026-04-04,success
12,3,29,2026-05-04,success
13,3,29,2026-06-03,success
14,3,29,2026-07-03,success
15,4,29,2024-05-24,success
16,4,29,2024-06-23,success
17,4,29,2024-07-23,success
18,4,29,2024-08-22,success
19,4,29,2024-09-21,success
20,4,29,2024-10-21,success
21,4,29,2024-11-20,success
22,4,29,2024-12-20,success
23,4,29,2025-01-19,success
24,4,29,2025-02-18,success
25,4,29,2025-03-20,success
26,4,29,2025-04-19,success
27,7,199,2024-12-17,success
28,7,199,2025-01-16,success
29,7,199,2025-02-15,success
30,7,199,2025-03-17,success
31,7,199,2025-04-16,success
32,7,199,2025-05-16,success
33,7,199,2025-06-15,success
34,7,199,2025-07-15,success
35,7,199,2025-08-14,success
36,7,199,2025-09-13,success
37,7,199,2025-10-13,success
38,7,199,2025-11-12,success
39,7,199,2025-12-12,success
40,7,199,2026-01-11,success
41,7,199,2026-02-10,success
42,7,199,2026-03-12,success
43,7,199,2026-04-11,success
44,7,199,2026-05-11,success
45,7,199,2026-06-10,success
46,7,199,2026-07-10,success
47,8,29,2025-04-20,success
48,8,29,2025-05-20,success
49,8,29,2025-06-19,success
50,8,29,2025-07-19,success
51,8,29,2025-08-18,success
52,8,29,2025-09-17,success
53,8,29,2025-10-17,success
54,8,29,2025-11-16,success
55,8,29,2025-12-16,success
56,8,29,2026-01-15,success
57,8,29,2026-02-14,success
58,8,29,2026-03-16,success
59,8,29,2026-04-15,success
60,8,29,2026-05-15,success
61,8,29,2026-06-14,success
62,8,29,2026-07-14,success
63,10,199,2024-07-06,success
64,10,199,2024-08-05,success
65,10,199,2024-09-04,success
66,10,199,2024-10-04,success
67,10,199,2024-11-03,failed
68,10,199,2024-12-03,success
69,10,199,2025-01-02,success
70,10,199,2025-02-01,success
71,10,199,2025-03-03,success
72,10,199,2025-04-02,success
73,10,199,2025-05-02,success
74,10,199,2025-06-01,success
75,10,199,2025-07-01,success
76,10,199,2025-07-31,success
77,10,199,2025-08-30,success
78,10,199,2025-09-29,success
79,10,199,2025-10-29,failed
80,10,199,2025-11-28,success
81,10,199,2025-12-28,success
82,10,199,2026-01-27,success
83,10,199,2026-02-26,success
84,10,199,2026-03-28,success
85,10,199,2026-04-27,success
86,10,199,2026-05-27,success
87,10,199,2026-06-26,success
88,10,199,2026-07-26,success
89,16,29,2025-02-28,success
90,16,29,2025-03-30,success
91,16,29,2025-04-29,success
92,16,29,2025-05-29,success
93,16,29,2025-06-28,success
94,16,29,2025-07-28,success
95,16,29,2025-08-27,success
96,16,29,2025-09-26,success
97,16,29,2025-10-26,success
98,16,29,2025-11-25,success
99,16,29,2025-12-25,success
100,16,29,2026-01-24,success
101,16,29,2026-02-23,success
102,16,29,2026-03-25,success
103,16,29,2026-04-24,success
104,16,29,2026-05-24,success
105,16,29,2026-06-23,success
106,16,29,2026-07-23,success
107,18,199,2025-11-10,success
108,18,199,2025-12-10,success
109,18,199,2026-01-09,success
110,18,199,2026-02-08,success
111,18,199,2026-03-10,success
112,18,199,2026-04-09,success
113,18,199,2026-05-09,success
114,18,199,2026-06-08,success
115,18,199,2026-07-08,success
116,19,29,2025-01-29,success
117,19,29,2025-02-28,success
118,19,29,2025-03-30,success
119,19,29,2025-04-29,success
120,19,29,2025-05-29,success
121,23,29,2026-05-22,success
122,23,29,2026-06-21,success
123,25,199,2025-10-18,success
124,25,199,2025-11-17,success
125,25,199,2025-12-17,success
126,25,199,2026-01-16,success
127,25,199,2026-02-15,success
128,25,199,2026-03-17,success
129,25,199,2026-04-16,success
130,25,199,2026-05-16,success
131,25,199,2026-06-15,success
132,25,199,2026-07-15,success
133,30,29,2025-12-15,success
134,30,29,2026-01-14,success
135,30,29,2026-02-13,success
136,30,29,2026-03-15,success
137,30,29,2026-04-14,success
138,30,29,2026-05-14,success
139,30,29,2026-06-13,success
140,30,29,2026-07-13,success
141,31,199,2025-01-05,failed
142,31,199,2025-02-04,success
143,31,199,2025-03-06,success
144,31,199,2025-04-05,success
145,31,199,2025-05-05,success
146,31,199,2025-06-04,success
147,31,199,2025-07-04,success
148,31,199,2025-08-03,success
149,32,29,2026-01-02,success
150,32,29,2026-02-01,success
151,32,29,2026-03-03,success
152,32,29,2026-04-02,failed
153,32,29,2026-05-02,success
154,32,29,2026-06-01,success
155,32,29,2026-07-01,failed
156,32,29,2026-07-31,success
157,34,29,2026-06-28,success
158,34,29,2026-07-28,success
159,35,29,2025-10-16,success
160,35,29,2025-11-15,success
161,35,29,2025-12-15,success
162,35,29,2026-01-14,success
163,35,29,2026-02-13,success
164,35,29,2026-03-15,success
165,37,199,2025-02-15,success
166,37,199,2025-03-17,success
167,37,199,2025-04-16,success
168,37,199,2025-05-16,success
169,37,199,2025-06-15,success
170,37,199,2025-07-15,success
171,37,199,2025-08-14,success
172,37,199,2025-09-13,success
173,37,199,2025-10-13,success
174,37,199,2025-11-12,success
175,37,199,2025-12-12,success
176,37,199,2026-01-11,success
177,37,199,2026-02-10,success
178,37,199,2026-03-12,success
179,37,199,2026-04-11,success
180,37,199,2026-05-11,success
181,37,199,2026-06-10,success
182,37,199,2026-07-10,success
183,39,29,2026-01-28,success
184,39,29,2026-02-27,success
185,39,29,2026-03-29,success
186,39,29,2026-04-28,success
187,39,29,2026-05-28,success
188,39,29,2026-06-27,failed
189,39,29,2026-07-27,success
190,40,29,2025-05-20,success
191,40,29,2025-06-19,success
192,40,29,2025-07-19,success
193,40,29,2025-08-18,success
194,40,29,2025-09-17,success
195,40,29,2025-10-17,success
196,40,29,2025-11-16,success
197,40,29,2025-12-16,success
198,40,29,2026-01-15,success
199,40,29,2026-02-14,success
200,40,29,2026-03-16,success
201,40,29,2026-04-15,success
202,40,29,2026-05-15,success
203,40,29,2026-06-14,success
204,40,29,2026-07-14,success
205,42,29,2025-07-29,success
206,42,29,2025-08-28,success
207,42,29,2025-09-27,success
208,42,29,2025-10-27,success
209,42,29,2025-11-26,success
210,42,29,2025-12-26,success
211,42,29,2026-01-25,success
212,42,29,2026-02-24,success
213,42,29,2026-03-26,success
214,42,29,2026-04-25,success
215,42,29,2026-05-25,success
216,42,29,2026-06-24,success
217,42,29,2026-07-24,success
218,44,29,2025-10-26,success
219,44,29,2025-11-25,success
220,44,29,2025-12-25,success
221,44,29,2026-01-24,success
222,44,29,2026-02-23,success
223,44,29,2026-03-25,success
224,44,29,2026-04-24,success
225,44,29,2026-05-24,success
226,44,29,2026-06-23,success
227,44,29,2026-07-23,success
228,47,29,2025-01-30,success
229,47,29,2025-03-01,success
230,47,29,2025-03-31,success
231,47,29,2025-04-30,failed
232,47,29,2025-05-30,success
233,47,29,2025-06-29,success
234,47,29,2025-07-29,success
235,47,29,2025-08-28,success
236,47,29,2025-09-27,success
237,47,29,2025-10-27,success
238,47,29,2025-11-26,success
239,47,29,2025-12-26,success
240,47,29,2026-01-25,success
241,47,29,2026-02-24,success
242,47,29,2026-03-26,success
243,47,29,2026-04-25,success
244,47,29,2026-05-25,success
245,47,29,2026-06-24,success
246,47,29,2026-07-24,success
247,50,29,2025-09-29,success
248,50,29,2025-10-29,success
249,50,29,2025-11-28,success
250,50,29,2025-12-28,success
251,50,29,2026-01-27,success
252,50,29,2026-02-26,success
253,50,29,2026-03-28,success
254,50,29,2026-04-27,success
255,50,29,2026-05-27,success
256,50,29,2026-06-26,success
257,50,29,2026-07-26,success
258,56,29,2024-10-16,success
259,56,29,2024-11-15,success
260,56,29,2024-12-15,success
261,56,29,2025-01-14,success
262,56,29,2025-02-13,success
263,56,29,2025-03-15,success
264,56,29,2025-04-14,success
265,56,29,2025-05-14,success
266,56,29,2025-06-13,success
267,56,29,2025-07-13,success
268,56,29,2025-08-12,success
269,56,29,2025-09-11,success
270,56,29,2025-10-11,success
271,56,29,2025-11-10,success
272,56,29,2025-12-10,success
273,56,29,2026-01-09,success
274,56,29,2026-02-08,success
275,56,29,2026-03-10,success
276,56,29,2026-04-09,success
277,56,29,2026-05-09,success
278,56,29,2026-06-08,success
279,56,29,2026-07-08,success
280,60,29,2024-05-23,failed
281,60,29,2024-06-22,success
282,60,29,2024-07-22,success
283,60,29,2024-08-21,success
284,60,29,2024-09-20,success
285,60,29,2024-10-20,success
286,60,29,2024-11-19,success
287,60,29,2024-12-19,success
288,60,29,2025-01-18,success
289,60,29,2025-02-17,success
290,60,29,2025-03-19,success
291,60,29,2025-04-18,success
292,60,29,2025-05-18,success
293,60,29,2025-06-17,success
294,60,29,2025-07-17,success
295,60,29,2025-08-16,success
296,60,29,2025-09-15,success
297,60,29,2025-10-15,success
298,60,29,2025-11-14,success
299,60,29,2025-12-14,success
300,60,29,2026-01-13,success
301,60,29,2026-02-12,success
302,60,29,2026-03-14,success
303,60,29,2026-04-13,success
304,60,29,2026-05-13,success
305,60,29,2026-06-12,success
306,60,29,2026-07-12,success
307,62,29,2025-05-10,success
308,62,29,2025-06-09,success
309,62,29,2025-07-09,success
310,62,29,2025-08-08,success
311,62,29,2025-09-07,success
312,62,29,2025-10-07,success
313,62,29,2025-11-06,success
314,62,29,2025-12-06,success
315,62,29,2026-01-05,success
316,62,29,2026-02-04,success
317,62,29,2026-03-06,success
318,62,29,2026-04-05,success
319,62,29,2026-05-05,success
320,62,29,2026-06-04,success
321,62,29,2026-07-04,success
322,64,199,2025-04-27,success
323,64,199,2025-05-27,success
324,64,199,2025-06-26,success
325,64,199,2025-07-26,success
326,64,199,2025-08-25,success
327,64,199,2025-09-24,success
328,64,199,2025-10-24,success
329,64,199,2025-11-23,success
330,64,199,2025-12-23,success
331,64,199,2026-01-22,success
332,64,199,2026-02-21,success
333,64,199,2026-03-23,success
334,64,199,2026-04-22,success
335,64,199,2026-05-22,success
336,64,199,2026-06-21,success
337,64,199,2026-07-21,success
338,66,29,2025-07-21,success
339,66,29,2025-08-20,success
340,66,29,2025-09-19,success
341,66,29,2025-10-19,success
342,66,29,2025-11-18,success
343,66,29,2025-12-18,success
344,66,29,2026-01-17,success
345,66,29,2026-02-16,success
346,66,29,2026-03-18,success
347,67,29,2024-08-21,success
348,67,29,2024-09-20,success
349,67,29,2024-10-20,success
350,67,29,2024-11-19,success
351,67,29,2024-12-19,success
352,67,29,2025-01-18,success
353,67,29,2025-02-17,success
354,67,29,2025-03-19,success
355,67,29,2025-04-18,success
356,67,29,2025-05-18,success
357,67,29,2025-06-17,success
358,67,29,2025-07-17,success
359,67,29,2025-08-16,failed
360,67,29,2025-09-15,success
361,67,29,2025-10-15,success
362,67,29,2025-11-14,success
363,67,29,2025-12-14,success
364,67,29,2026-01-13,failed
365,67,29,2026-02-12,success
366,67,29,2026-03-14,success
367,67,29,2026-04-13,success
368,67,29,2026-05-13,success
369,67,29,2026-06-12,success
370,67,29,2026-07-12,success
371,70,29,2024-11-23,failed
372,70,29,2024-12-23,failed
373,70,29,2025-01-22,success
374,70,29,2025-02-21,success
375,70,29,2025-03-23,success
376,70,29,2025-04-22,success
377,70,29,2025-05-22,success
378,70,29,2025-06-21,success
379,70,29,2025-07-21,success
380,70,29,2025-08-20,success
381,70,29,2025-09-19,success
382,70,29,2025-10-19,success
383,70,29,2025-11-18,success
384,70,29,2025-12-18,success
385,70,29,2026-01-17,success
386,70,29,2026-02-16,success
387,70,29,2026-03-18,success
388,70,29,2026-04-17,success
389,70,29,2026-05-17,success
390,70,29,2026-06-16,success
391,70,29,2026-07-16,success
392,71,199,2025-12-23,success
393,71,199,2026-01-22,failed
394,71,199,2026-02-21,failed
395,71,199,2026-03-23,success
396,71,199,2026-04-22,success
397,71,199,2026-05-22,failed
398,71,199,2026-06-21,success
399,71,199,2026-07-21,success
400,73,199,2025-01-19,success
401,73,199,2025-02-18,success
402,73,199,2025-03-20,success
403,73,199,2025-04-19,success
404,73,199,2025-05-19,success
405,74,29,2024-04-27,success
406,74,29,2024-05-27,success
407,74,29,2024-06-26,success
408,74,29,2024-07-26,success
409,75,199,2025-12-25,success
410,75,199,2026-01-24,success
411,75,199,2026-02-23,success
412,75,199,2026-03-25,success
413,75,199,2026-04-24,success
414,75,199,2026-05-24,success
415,75,199,2026-06-23,success
416,75,199,2026-07-23,success
417,78,29,2025-02-07,success
418,78,29,2025-03-09,success
419,78,29,2025-04-08,success
420,78,29,2025-05-08,success
421,78,29,2025-06-07,failed
422,78,29,2025-07-07,success
423,78,29,2025-08-06,success
424,78,29,2025-09-05,success
425,78,29,2025-10-05,success
426,78,29,2025-11-04,success
427,78,29,2025-12-04,success
428,78,29,2026-01-03,success
429,78,29,2026-02-02,success
430,78,29,2026-03-04,success
431,78,29,2026-04-03,success
432,78,29,2026-05-03,success
433,78,29,2026-06-02,success
434,78,29,2026-07-02,success
435,79,199,2024-09-20,success
436,79,199,2024-10-20,success
437,79,199,2024-11-19,success
438,79,199,2024-12-19,success
439,79,199,2025-01-18,success
440,79,199,2025-02-17,success
441,79,199,2025-03-19,success
442,79,199,2025-04-18,success
443,79,199,2025-05-18,success
444,79,199,2025-06-17,success
445,79,199,2025-07-17,success
446,79,199,2025-08-16,success
447,79,199,2025-09-15,success
448,79,199,2025-10-15,success
449,79,199,2025-11-14,success
450,79,199,2025-12-14,success
451,79,199,2026-01-13,success
452,79,199,2026-02-12,success
453,79,199,2026-03-14,success
454,79,199,2026-04-13,success
455,79,199,2026-05-13,success
456,79,199,2026-06-12,success
457,79,199,2026-07-12,success
458,82,29,2024-05-10,success
459,82,29,2024-06-09,success
460,82,29,2024-07-09,success
461,82,29,2024-08-08,success
462,82,29,2024-09-07,success
463,82,29,2024-10-07,success
464,82,29,2024-11-06,success
465,82,29,2024-12-06,success
466,82,29,2025-01-05,success
467,82,29,2025-02-04,success
468,82,29,2025-03-06,success
469,82,29,2025-04-05,success
470,82,29,2025-05-05,success
471,82,29,2025-06-04,success
472,82,29,2025-07-04,success
473,82,29,2025-08-03,success
474,82,29,2025-09-02,success
475,82,29,2025-10-02,success
476,82,29,2025-11-01,success
477,82,29,2025-12-01,success
478,82,29,2025-12-31,success
479,82,29,2026-01-30,success
480,82,29,2026-03-01,success
481,82,29,2026-03-31,success
482,82,29,2026-04-30,success
483,82,29,2026-05-30,success
484,82,29,2026-06-29,success
485,82,29,2026-07-29,success
486,84,29,2026-01-26,success
487,84,29,2026-02-25,success
488,84,29,2026-03-27,failed
489,84,29,2026-04-26,success
490,84,29,2026-05-26,failed
491,84,29,2026-06-25,success
492,84,29,2026-07-25,success
493,86,29,2024-08-08,success
494,86,29,2024-09-07,success
495,86,29,2024-10-07,success
496,86,29,2024-11-06,success
497,86,29,2024-12-06,success
498,86,29,2025-01-05,success
499,86,29,2025-02-04,success
500,86,29,2025-03-06,success
501,86,29,2025-04-05,failed
502,86,29,2025-05-05,success
503,86,29,2025-06-04,success
504,86,29,2025-07-04,success
505,86,29,2025-08-03,success
506,86,29,2025-09-02,success
507,86,29,2025-10-02,success
508,86,29,2025-11-01,success
509,86,29,2025-12-01,failed
510,86,29,2025-12-31,failed
511,86,29,2026-01-30,success
512,86,29,2026-03-01,success
513,86,29,2026-03-31,success
514,86,29,2026-04-30,success
515,86,29,2026-05-30,success
516,86,29,2026-06-29,failed
517,86,29,2026-07-29,success
518,87,29,2025-10-28,success
519,87,29,2025-11-27,failed
520,87,29,2025-12-27,success
521,87,29,2026-01-26,success
522,87,29,2026-02-25,success
523,87,29,2026-03-27,success
524,87,29,2026-04-26,success
525,87,29,2026-05-26,success
526,87,29,2026-06-25,failed
527,89,29,2025-06-22,success
528,89,29,2025-07-22,success
529,89,29,2025-08-21,success
530,89,29,2025-09-20,success
531,89,29,2025-10-20,success
532,89,29,2025-11-19,success
533,89,29,2025-12-19,success
534,89,29,2026-01-18,success
535,89,29,2026-02-17,success
536,89,29,2026-03-19,success
537,89,29,2026-04-18,success
538,89,29,2026-05-18,failed
539,89,29,2026-06-17,failed
540,89,29,2026-07-17,success
541,90,29,2025-01-24,success
542,90,29,2025-02-23,success
543,90,29,2025-03-25,success
544,90,29,2025-04-24,success
545,90,29,2025-05-24,success
546,90,29,2025-06-23,success
547,90,29,2025-07-23,success
548,90,29,2025-08-22,success
549,90,29,2025-09-21,success
550,90,29,2025-10-21,success
551,90,29,2025-11-20,success
552,90,29,2025-12-20,success
553,90,29,2026-01-19,success
554,90,29,2026-02-18,success
555,90,29,2026-03-20,success
556,90,29,2026-04-19,success
557,90,29,2026-05-19,success
558,90,29,2026-06-18,success
559,90,29,2026-07-18,success
560,93,29,2026-04-25,success
561,93,29,2026-05-25,success
562,93,29,2026-06-24,success
563,93,29,2026-07-24,success
564,95,199,2025-12-21,success
565,95,199,2026-01-20,success
566,95,199,2026-02-19,success
567,95,199,2026-03-21,success
568,95,199,2026-04-20,success
569,95,199,2026-05-20,success
570,95,199,2026-06-19,success
571,95,199,2026-07-19,success
572,97,199,2024-05-21,success
573,97,199,2024-06-20,success
574,97,199,2024-07-20,success
575,97,199,2024-08-19,success
576,98,199,2024-07-13,success
577,98,199,2024-08-12,success
578,98,199,2024-09-11,success
579,98,199,2024-10-11,success
580,98,199,2024-11-10,success
581,98,199,2024-12-10,success
582,98,199,2025-01-09,success
583,98,199,2025-02-08,success
584,98,199,2025-03-10,success
585,98,199,2025-04-09,success
586,98,199,2025-05-09,success
587,98,199,2025-06-08,success
588,98,199,2025-07-08,success
589,98,199,2025-08-07,success
590,98,199,2025-09-06,success
591,98,199,2025-10-06,success
592,98,199,2025-11-05,success
593,98,199,2025-12-05,success
594,98,199,2026-01-04,success
595,98,199,2026-02-03,success
596,98,199,2026-03-05,success
597,98,199,2026-04-04,success
598,98,199,2026-05-04,success
599,98,199,2026-06-03,success
600,98,199,2026-07-03,success
601,99,29,2026-04-09,success
602,99,29,2026-05-09,success
603,99,29,2026-06-08,success
604,99,29,2026-07-08,success
605,100,199,2024-06-21,success
606,100,199,2024-07-21,failed
607,100,199,2024-08-20,success
608,100,199,2024-09-19,success
609,100,199,2024-10-19,success
610,100,199,2024-11-18,success
611,100,199,2024-12-18,failed
612,100,199,2025-01-17,success
613,101,29,2024-12-15,success
614,101,29,2025-01-14,success
615,101,29,2025-02-13,success
616,101,29,2025-03-15,success
617,101,29,2025-04-14,success
618,101,29,2025-05-14,success
619,101,29,2025-06-13,success
620,101,29,2025-07-13,success
621,101,29,2025-08-12,success
622,101,29,2025-09-11,success
623,101,29,2025-10-11,success
624,101,29,2025-11-10,success
625,101,29,2025-12-10,success
626,101,29,2026-01-09,failed
627,101,29,2026-02-08,success
628,101,29,2026-03-10,success
629,101,29,2026-04-09,success
630,101,29,2026-05-09,success
631,101,29,2026-06-08,success
632,101,29,2026-07-08,success
633,102,199,2026-02-02,success
634,102,199,2026-03-04,success
635,102,199,2026-04-03,success
636,102,199,2026-05-03,success
637,102,199,2026-06-02,success
638,102,199,2026-07-02,success
639,103,199,2026-01-13,success
640,103,199,2026-02-12,success
641,103,199,2026-03-14,success
642,103,199,2026-04-13,success
643,103,199,2026-05-13,success
644,103,199,2026-06-12,success
645,103,199,2026-07-12,success
646,109,199,2025-12-30,success
647,109,199,2026-01-29,failed
648,109,199,2026-02-28,success
649,109,199,2026-03-30,success
650,109,199,2026-04-29,success
651,109,199,2026-05-29,success
652,109,199,2026-06-28,success
653,109,199,2026-07-28,success
654,110,29,2024-12-31,success
655,110,29,2025-01-30,success
656,110,29,2025-03-01,success
657,110,29,2025-03-31,success
658,110,29,2025-04-30,success
659,110,29,2025-05-30,success
660,110,29,2025-06-29,success
661,110,29,2025-07-29,success
662,110,29,2025-08-28,success
663,110,29,2025-09-27,success
664,110,29,2025-10-27,success
665,110,29,2025-11-26,success
666,110,29,2025-12-26,success
667,110,29,2026-01-25,failed
668,110,29,2026-02-24,success
669,110,29,2026-03-26,success
670,110,29,2026-04-25,success
671,110,29,2026-05-25,success
672,110,29,2026-06-24,success
673,110,29,2026-07-24,success
674,111,29,2025-06-09,success
675,111,29,2025-07-09,success
676,111,29,2025-08-08,success
677,111,29,2025-09-07,success
678,111,29,2025-10-07,success
679,111,29,2025-11-06,success
680,111,29,2025-12-06,success
681,111,29,2026-01-05,success
682,111,29,2026-02-04,success
683,111,29,2026-03-06,success
684,111,29,2026-04-05,success
685,111,29,2026-05-05,success
686,111,29,2026-06-04,success
687,111,29,2026-07-04,success
688,112,29,2025-10-16,success
689,112,29,2025-11-15,success
690,112,29,2025-12-15,success
691,112,29,2026-01-14,success
692,112,29,2026-02-13,success
693,112,29,2026-03-15,success
694,112,29,2026-04-14,success
695,112,29,2026-05-14,success
696,112,29,2026-06-13,success
697,112,29,2026-07-13,success
698,113,29,2024-10-18,success
699,113,29,2024-11-17,success
700,113,29,2024-12-17,success
701,113,29,2025-01-16,success
702,113,29,2025-02-15,success
703,113,29,2025-03-17,success
704,113,29,2025-04-16,success
705,113,29,2025-05-16,success
706,113,29,2025-06-15,success
707,113,29,2025-07-15,success
708,113,29,2025-08-14,success
709,113,29,2025-09-13,success
710,113,29,2025-10-13,success
711,113,29,2025-11-12,success
712,113,29,2025-12-12,success
713,113,29,2026-01-11,success
714,113,29,2026-02-10,success
715,113,29,2026-03-12,success
716,113,29,2026-04-11,success
717,113,29,2026-05-11,success
718,113,29,2026-06-10,success
719,113,29,2026-07-10,success
720,117,29,2025-07-23,success
721,117,29,2025-08-22,success
722,117,29,2025-09-21,success
723,117,29,2025-10-21,success
724,117,29,2025-11-20,success
725,117,29,2025-12-20,success
726,117,29,2026-01-19,success
727,117,29,2026-02-18,success
728,117,29,2026-03-20,success
729,117,29,2026-04-19,failed
730,117,29,2026-05-19,success
731,117,29,2026-06-18,success
732,118,199,2024-07-01,success
733,118,199,2024-07-31,success
734,118,199,2024-08-30,success
735,118,199,2024-09-29,success
736,118,199,2024-10-29,success
737,118,199,2024-11-28,success
738,118,199,2024-12-28,success
739,118,199,2025-01-27,success
740,118,199,2025-02-26,success
741,118,199,2025-03-28,success
742,118,199,2025-04-27,success
743,118,199,2025-05-27,success
744,118,199,2025-06-26,success
745,118,199,2025-07-26,success
746,118,199,2025-08-25,success
747,118,199,2025-09-24,success
748,118,199,2025-10-24,success
749,118,199,2025-11-23,success
750,118,199,2025-12-23,success
751,118,199,2026-01-22,success
752,118,199,2026-02-21,success
753,118,199,2026-03-23,success
754,118,199,2026-04-22,success
755,118,199,2026-05-22,success
756,118,199,2026-06-21,success
757,118,199,2026-07-21,success
758,119,29,2025-05-27,success
759,119,29,2025-06-26,success
760,119,29,2025-07-26,success
761,119,29,2025-08-25,success
762,119,29,2025-09-24,success
763,119,29,2025-10-24,success
764,119,29,2025-11-23,success
765,119,29,2025-12-23,success
766,119,29,2026-01-22,success
767,119,29,2026-02-21,failed
768,119,29,2026-03-23,success
769,119,29,2026-04-22,success
770,119,29,2026-05-22,success
771,119,29,2026-06-21,success
772,119,29,2026-07-21,success
773,121,29,2026-01-19,failed
774,121,29,2026-02-18,success
775,121,29,2026-03-20,success
776,121,29,2026-04-19,success
777,121,29,2026-05-19,success
778,121,29,2026-06-18,success
779,121,29,2026-07-18,success
780,123,199,2026-04-12,success
781,123,199,2026-05-12,success
782,123,199,2026-06-11,success
783,123,199,2026-07-11,success
784,125,29,2025-11-28,success
785,125,29,2025-12-28,success
786,125,29,2026-01-27,success
787,125,29,2026-02-26,success
788,125,29,2026-03-28,success
789,125,29,2026-04-27,success
790,125,29,2026-05-27,success
791,125,29,2026-06-26,success
792,125,29,2026-07-26,success
793,126,29,2025-05-31,success
794,126,29,2025-06-30,success
795,126,29,2025-07-30,success
796,126,29,2025-08-29,success
797,126,29,2025-09-28,success
798,126,29,2025-10-28,success
799,127,29,2024-09-05,success
800,127,29,2024-10-05,success
801,127,29,2024-11-04,success
802,127,29,2024-12-04,success
803,127,29,2025-01-03,success
804,127,29,2025-02-02,success
805,127,29,2025-03-04,success
806,127,29,2025-04-03,success
807,127,29,2025-05-03,success
808,127,29,2025-06-02,success
809,127,29,2025-07-02,success
810,127,29,2025-08-01,success
811,127,29,2025-08-31,success
812,127,29,2025-09-30,success
813,127,29,2025-10-30,success
814,127,29,2025-11-29,success
815,127,29,2025-12-29,success
816,127,29,2026-01-28,success
817,127,29,2026-02-27,success
818,127,29,2026-03-29,success
819,127,29,2026-04-28,success
820,127,29,2026-05-28,success
821,127,29,2026-06-27,success
822,127,29,2026-07-27,success
823,132,29,2024-04-21,success
824,132,29,2024-05-21,success
825,132,29,2024-06-20,success
826,132,29,2024-07-20,success
827,132,29,2024-08-19,success
828,134,29,2024-08-09,success
829,134,29,2024-09-08,success
830,134,29,2024-10-08,success
831,134,29,2024-11-07,success
832,134,29,2024-12-07,success
833,134,29,2025-01-06,success
834,134,29,2025-02-05,failed
835,134,29,2025-03-07,success
836,134,29,2025-04-06,success
837,134,29,2025-05-06,success
838,134,29,2025-06-05,success
839,134,29,2025-07-05,success
840,134,29,2025-08-04,success
841,134,29,2025-09-03,success
842,134,29,2025-10-03,success
843,134,29,2025-11-02,success
844,134,29,2025-12-02,success
845,134,29,2026-01-01,success
846,134,29,2026-01-31,success
847,134,29,2026-03-02,success
848,134,29,2026-04-01,success
849,134,29,2026-05-01,success
850,134,29,2026-05-31,success
851,134,29,2026-06-30,success
852,134,29,2026-07-30,success
853,135,29,2025-01-30,success
854,135,29,2025-03-01,success
855,135,29,2025-03-31,success
856,135,29,2025-04-30,success
857,135,29,2025-05-30,success
858,135,29,2025-06-29,success
859,135,29,2025-07-29,success
860,135,29,2025-08-28,success
861,135,29,2025-09-27,success
862,135,29,2025-10-27,success
863,135,29,2025-11-26,success
864,135,29,2025-12-26,success
865,135,29,2026-01-25,success
866,135,29,2026-02-24,success
867,135,29,2026-03-26,success
868,135,29,2026-04-25,success
869,135,29,2026-05-25,success
870,135,29,2026-06-24,success
871,135,29,2026-07-24,success
872,136,29,2025-09-19,failed
873,136,29,2025-10-19,success
874,136,29,2025-11-18,success
875,136,29,2025-12-18,success
876,136,29,2026-01-17,success
877,136,29,2026-02-16,success
878,136,29,2026-03-18,success
879,136,29,2026-04-17,success
880,136,29,2026-05-17,success
881,136,29,2026-06-16,failed
882,136,29,2026-07-16,success
883,139,29,2026-04-27,success
884,139,29,2026-05-27,failed
885,139,29,2026-06-26,failed
886,139,29,2026-07-26,success
887,140,199,2024-06-30,success
888,140,199,2024-07-30,success
889,140,199,2024-08-29,success
890,140,199,2024-09-28,success
891,140,199,2024-10-28,success
892,140,199,2024-11-27,success
893,143,29,2024-06-15,success
894,143,29,2024-07-15,success
895,143,29,2024-08-14,success
896,143,29,2024-09-13,success
897,143,29,2024-10-13,success
898,143,29,2024-11-12,success
899,143,29,2024-12-12,success
900,143,29,2025-01-11,success
901,143,29,2025-02-10,success
902,143,29,2025-03-12,success
903,143,29,2025-04-11,success
904,143,29,2025-05-11,success
905,143,29,2025-06-10,success
906,143,29,2025-07-10,success
907,143,29,2025-08-09,success
908,143,29,2025-09-08,success
909,143,29,2025-10-08,success
910,143,29,2025-11-07,failed
911,143,29,2025-12-07,success
912,143,29,2026-01-06,success
913,143,29,2026-02-05,success
914,143,29,2026-03-07,success
915,143,29,2026-04-06,success
916,143,29,2026-05-06,success
917,143,29,2026-06-05,success
918,143,29,2026-07-05,success
919,145,29,2025-08-25,success
920,145,29,2025-09-24,success
921,145,29,2025-10-24,success
922,145,29,2025-11-23,success
923,145,29,2025-12-23,success
924,145,29,2026-01-22,success
925,145,29,2026-02-21,success
926,145,29,2026-03-23,success
927,147,199,2025-09-08,success
928,147,199,2025-10-08,success
929,147,199,2025-11-07,success
930,147,199,2025-12-07,success
931,147,199,2026-01-06,success
932,147,199,2026-02-05,success
933,147,199,2026-03-07,success
934,147,199,2026-04-06,success
935,147,199,2026-05-06,success
936,147,199,2026-06-05,success
937,147,199,2026-07-05,success
938,148,29,2024-03-05,success
939,148,29,2024-04-04,success
940,148,29,2024-05-04,success
941,148,29,2024-06-03,success
942,151,199,2024-08-15,success
943,151,199,2024-09-14,success
944,151,199,2024-10-14,success
945,151,199,2024-11-13,success
946,151,199,2024-12-13,success
947,151,199,2025-01-12,success
948,151,199,2025-02-11,success
949,151,199,2025-03-13,success
950,151,199,2025-04-12,success
951,151,199,2025-05-12,success
952,151,199,2025-06-11,success
953,151,199,2025-07-11,success
954,151,199,2025-08-10,success
955,151,199,2025-09-09,success
956,151,199,2025-10-09,success
957,151,199,2025-11-08,success
958,151,199,2025-12-08,success
959,151,199,2026-01-07,success
960,151,199,2026-02-06,success
961,151,199,2026-03-08,success
962,151,199,2026-04-07,success
963,151,199,2026-05-07,success
964,151,199,2026-06-06,success
965,151,199,2026-07-06,success
966,152,29,2025-05-03,success
967,152,29,2025-06-02,success
968,152,29,2025-07-02,success
969,152,29,2025-08-01,success
970,152,29,2025-08-31,success
971,152,29,2025-09-30,failed
972,152,29,2025-10-30,success
973,152,29,2025-11-29,success
974,152,29,2025-12-29,success
975,152,29,2026-01-28,success
976,152,29,2026-02-27,success
977,152,29,2026-03-29,success
978,152,29,2026-04-28,success
979,152,29,2026-05-28,success
980,152,29,2026-06-27,success
981,152,29,2026-07-27,success
982,155,199,2026-01-20,success
983,155,199,2026-02-19,success
984,155,199,2026-03-21,success
985,155,199,2026-04-20,success
986,155,199,2026-05-20,success
987,155,199,2026-06-19,success
988,155,199,2026-07-19,success
989,157,29,2025-02-24,success
990,157,29,2025-03-26,success
991,159,199,2024-12-21,success
992,159,199,2025-01-20,success
993,159,199,2025-02-19,failed
994,159,199,2025-03-21,success
995,159,199,2025-04-20,success
996,159,199,2025-05-20,success
997,159,199,2025-06-19,success
998,159,199,2025-07-19,success
999,159,199,2025-08-18,success
1000,159,199,2025-09-17,success
1001,159,199,2025-10-17,success
1002,159,199,2025-11-16,success
1003,159,199,2025-12-16,success
1004,159,199,2026-01-15,success
1005,159,199,2026-02-14,success
1006,159,199,2026-03-16,success
1007,159,199,2026-04-15,success
1008,159,199,2026-05-15,success
1009,159,199,2026-06-14,success
1010,159,199,2026-07-14,success
1011,160,29,2026-06-03,success
1012,160,29,2026-07-03,success
1013,163,199,2024-06-16,success
1014,163,199,2024-07-16,success
1015,163,199,2024-08-15,success
1016,163,199,2024-09-14,success
1017,163,199,2024-10-14,success
1018,163,199,2024-11-13,success
1019,163,199,2024-12-13,success
1020,163,199,2025-01-12,success
1021,163,199,2025-02-11,success
1022,163,199,2025-03-13,success
1023,163,199,2025-04-12,success
1024,163,199,2025-05-12,success
1025,163,199,2025-06-11,failed
1026,163,199,2025-07-11,success
1027,163,199,2025-08-10,success
1028,163,199,2025-09-09,success
1029,163,199,2025-10-09,success
1030,163,199,2025-11-08,success
1031,163,199,2025-12-08,success
1032,163,199,2026-01-07,success
1033,163,199,2026-02-06,success
1034,163,199,2026-03-08,success
1035,163,199,2026-04-07,success
1036,163,199,2026-05-07,success
1037,163,199,2026-06-06,success
1038,163,199,2026-07-06,success
1039,165,29,2025-11-18,success
1040,165,29,2025-12-18,success
1041,165,29,2026-01-17,success
1042,165,29,2026-02-16,success
1043,165,29,2026-03-18,success
1044,165,29,2026-04-17,success
1045,165,29,2026-05-17,success
1046,165,29,2026-06-16,success
1047,165,29,2026-07-16,success
1048,167,29,2026-06-25,success
1049,167,29,2026-07-25,success
1050,170,29,2024-08-17,success
1051,170,29,2024-09-16,success
1052,170,29,2024-10-16,success
1053,170,29,2024-11-15,success
1054,170,29,2024-12-15,success
1055,170,29,2025-01-14,success
1056,170,29,2025-02-13,success
1057,170,29,2025-03-15,success
1058,170,29,2025-04-14,success
1059,170,29,2025-05-14,success
1060,170,29,2025-06-13,success
1061,170,29,2025-07-13,success
1062,170,29,2025-08-12,success
1063,170,29,2025-09-11,success
1064,170,29,2025-10-11,success
1065,170,29,2025-11-10,failed
1066,170,29,2025-12-10,success
1067,170,29,2026-01-09,success
1068,170,29,2026-02-08,success
1069,170,29,2026-03-10,success
1070,170,29,2026-04-09,success
1071,170,29,2026-05-09,success
1072,170,29,2026-06-08,success
1073,170,29,2026-07-08,success
1074,171,29,2025-03-24,success
1075,171,29,2025-04-23,success
1076,171,29,2025-05-23,success
1077,171,29,2025-06-22,success
1078,171,29,2025-07-22,success
1079,171,29,2025-08-21,success
1080,171,29,2025-09-20,success
1081,171,29,2025-10-20,success
1082,171,29,2025-11-19,success
1083,171,29,2025-12-19,success
1084,171,29,2026-01-18,success
1085,171,29,2026-02-17,success
1086,171,29,2026-03-19,success
1087,171,29,2026-04-18,success
1088,171,29,2026-05-18,success
1089,171,29,2026-06-17,success
1090,171,29,2026-07-17,success
1091,173,199,2024-09-19,success
1092,173,199,2024-10-19,success
1093,173,199,2024-11-18,success
1094,173,199,2024-12-18,success
1095,173,199,2025-01-17,success
1096,173,199,2025-02-16,success
1097,173,199,2025-03-18,success
1098,173,199,2025-04-17,success
1099,173,199,2025-05-17,success
1100,173,199,2025-06-16,success
1101,173,199,2025-07-16,success
1102,173,199,2025-08-15,success
1103,173,199,2025-09-14,success
1104,173,199,2025-10-14,success
1105,173,199,2025-11-13,success
1106,173,199,2025-12-13,success
1107,173,199,2026-01-12,success
1108,173,199,2026-02-11,success
1109,173,199,2026-03-13,success
1110,173,199,2026-04-12,success
1111,173,199,2026-05-12,success
1112,173,199,2026-06-11,success
1113,173,199,2026-07-11,success
1114,174,29,2024-10-19,success
1115,174,29,2024-11-18,success
1116,174,29,2024-12-18,success
1117,175,199,2025-04-07,failed
1118,175,199,2025-05-07,success
1119,175,199,2025-06-06,success
1120,175,199,2025-07-06,failed
1121,175,199,2025-08-05,success
1122,175,199,2025-09-04,success
1123,175,199,2025-10-04,success
1124,175,199,2025-11-03,success
1125,175,199,2025-12-03,success
1126,175,199,2026-01-02,success
1127,175,199,2026-02-01,success
1128,175,199,2026-03-03,failed
1129,175,199,2026-04-02,failed
1130,175,199,2026-05-02,success
1131,175,199,2026-06-01,success
1132,175,199,2026-07-01,success
1133,175,199,2026-07-31,success
1134,177,29,2024-05-13,success
1135,177,29,2024-06-12,failed
1136,177,29,2024-07-12,success
1137,177,29,2024-08-11,success
1138,177,29,2024-09-10,success
1139,177,29,2024-10-10,success
1140,177,29,2024-11-09,success
1141,177,29,2024-12-09,success
1142,177,29,2025-01-08,success
1143,177,29,2025-02-07,success
1144,177,29,2025-03-09,success
1145,177,29,2025-04-08,success
1146,177,29,2025-05-08,success
1147,177,29,2025-06-07,success
1148,177,29,2025-07-07,success
1149,177,29,2025-08-06,success
1150,177,29,2025-09-05,success
1151,177,29,2025-10-05,success
1152,177,29,2025-11-04,success
1153,177,29,2025-12-04,success
1154,177,29,2026-01-03,success
1155,177,29,2026-02-02,success
1156,177,29,2026-03-04,success
1157,177,29,2026-04-03,success
1158,177,29,2026-05-03,success
1159,177,29,2026-06-02,success
1160,177,29,2026-07-02,success
1161,179,29,2024-03-03,success
1162,179,29,2024-04-02,success
1163,179,29,2024-05-02,success
1164,179,29,2024-06-01,success
1165,179,29,2024-07-01,success
1166,179,29,2024-07-31,failed
1167,179,29,2024-08-30,success
1168,179,29,2024-09-29,success
1169,179,29,2024-10-29,success
1170,179,29,2024-11-28,success
1171,179,29,2024-12-28,success
1172,179,29,2025-01-27,success
1173,179,29,2025-02-26,success
1174,179,29,2025-03-28,success
1175,179,29,2025-04-27,success
1176,179,29,2025-05-27,success
1177,179,29,2025-06-26,success
1178,179,29,2025-07-26,success
1179,179,29,2025-08-25,success
1180,179,29,2025-09-24,success
1181,179,29,2025-10-24,failed
1182,179,29,2025-11-23,success
1183,179,29,2025-12-23,success
1184,179,29,2026-01-22,success
1185,179,29,2026-02-21,success
1186,179,29,2026-03-23,success
1187,179,29,2026-04-22,success
1188,179,29,2026-05-22,success
1189,179,29,2026-06-21,success
1190,179,29,2026-07-21,success
1191,180,29,2025-12-04,success
1192,180,29,2026-01-03,success
1193,180,29,2026-02-02,success
1194,180,29,2026-03-04,success
1195,180,29,2026-04-03,success
1196,180,29,2026-05-03,success
1197,180,29,2026-06-02,success
1198,180,29,2026-07-02,success
1199,182,29,2025-01-11,success
1200,182,29,2025-02-10,success
1201,182,29,2025-03-12,success
1202,182,29,2025-04-11,success
1203,182,29,2025-05-11,success
1204,182,29,2025-06-10,success
1205,182,29,2025-07-10,success
1206,182,29,2025-08-09,success
1207,182,29,2025-09-08,success
1208,182,29,2025-10-08,success
1209,182,29,2025-11-07,success
1210,182,29,2025-12-07,success
1211,182,29,2026-01-06,success
1212,182,29,2026-02-05,success
1213,182,29,2026-03-07,success
1214,182,29,2026-04-06,success
1215,182,29,2026-05-06,success
1216,182,29,2026-06-05,success
1217,182,29,2026-07-05,success
1218,183,199,2025-04-07,success
1219,183,199,2025-05-07,success
1220,183,199,2025-06-06,success
1221,183,199,2025-07-06,success
1222,183,199,2025-08-05,failed
1223,183,199,2025-09-04,success
1224,183,199,2025-10-04,success
1225,183,199,2025-11-03,success
1226,183,199,2025-12-03,success
1227,183,199,2026-01-02,success
1228,183,199,2026-02-01,success
1229,183,199,2026-03-03,success
1230,183,199,2026-04-02,success
1231,183,199,2026-05-02,success
1232,183,199,2026-06-01,success
1233,183,199,2026-07-01,success
1234,183,199,2026-07-31,success
1235,184,29,2024-09-10,success
1236,184,29,2024-10-10,success
1237,184,29,2024-11-09,success
1238,184,29,2024-12-09,success
1239,184,29,2025-01-08,success
1240,184,29,2025-02-07,success
1241,184,29,2025-03-09,success
1242,184,29,2025-04-08,success
1243,184,29,2025-05-08,success
1244,184,29,2025-06-07,success
1245,184,29,2025-07-07,success
1246,184,29,2025-08-06,success
1247,184,29,2025-09-05,success
1248,184,29,2025-10-05,failed
1249,184,29,2025-11-04,success
1250,184,29,2025-12-04,success
1251,184,29,2026-01-03,success
1252,184,29,2026-02-02,failed
1253,184,29,2026-03-04,failed
1254,184,29,2026-04-03,failed
1255,184,29,2026-05-03,success
1256,184,29,2026-06-02,success
1257,184,29,2026-07-02,success
1258,185,199,2024-08-23,success
1259,185,199,2024-09-22,success
1260,185,199,2024-10-22,success
1261,185,199,2024-11-21,failed
1262,185,199,2024-12-21,success
1263,188,29,2024-12-27,success
1264,188,29,2025-01-26,success
1265,188,29,2025-02-25,success
1266,188,29,2025-03-27,success
1267,188,29,2025-04-26,success
1268,188,29,2025-05-26,success
1269,188,29,2025-06-25,success
1270,188,29,2025-07-25,success
1271,188,29,2025-08-24,success
1272,188,29,2025-09-23,failed
1273,188,29,2025-10-23,success
1274,188,29,2025-11-22,success
1275,188,29,2025-12-22,success
1276,188,29,2026-01-21,success
1277,188,29,2026-02-20,success
1278,188,29,2026-03-22,success
1279,188,29,2026-04-21,success
1280,188,29,2026-05-21,success
1281,188,29,2026-06-20,success
1282,188,29,2026-07-20,success
1283,189,29,2024-04-05,success
1284,189,29,2024-05-05,success
1285,189,29,2024-06-04,success
1286,189,29,2024-07-04,success
1287,189,29,2024-08-03,success
1288,189,29,2024-09-02,success
1289,189,29,2024-10-02,success
1290,189,29,2024-11-01,success
1291,189,29,2024-12-01,success
1292,189,29,2024-12-31,success
1293,189,29,2025-01-30,success
1294,189,29,2025-03-01,success
1295,189,29,2025-03-31,success
1296,189,29,2025-04-30,success
1297,189,29,2025-05-30,success
1298,189,29,2025-06-29,success
1299,189,29,2025-07-29,success
1300,189,29,2025-08-28,success
1301,189,29,2025-09-27,success
1302,189,29,2025-10-27,success
1303,189,29,2025-11-26,failed
1304,189,29,2025-12-26,success
1305,189,29,2026-01-25,success
1306,189,29,2026-02-24,success
1307,189,29,2026-03-26,success
1308,189,29,2026-04-25,success
1309,189,29,2026-05-25,success
1310,189,29,2026-06-24,failed
1311,189,29,2026-07-24,success
1312,191,29,2025-02-13,failed
1313,191,29,2025-03-15,success
1314,194,29,2025-01-26,success
1315,194,29,2025-02-25,success
1316,194,29,2025-03-27,success
1317,194,29,2025-04-26,failed
1318,194,29,2025-05-26,success
1319,194,29,2025-06-25,success
1320,194,29,2025-07-25,success
1321,194,29,2025-08-24,success
1322,194,29,2025-09-23,success
1323,194,29,2025-10-23,success
1324,194,29,2025-11-22,success
1325,194,29,2025-12-22,success
1326,194,29,2026-01-21,success
1327,194,29,2026-02-20,success
1328,194,29,2026-03-22,success
1329,194,29,2026-04-21,success
1330,194,29,2026-05-21,success
1331,194,29,2026-06-20,success
1332,194,29,2026-07-20,success
1333,195,29,2024-09-27,success
1334,195,29,2024-10-27,success
1335,195,29,2024-11-26,success
1336,195,29,2024-12-26,success
1337,195,29,2025-01-25,success
1338,195,29,2025-02-24,success
1339,197,199,2025-12-15,success
1340,197,199,2026-01-14,success
1341,197,199,2026-02-13,success
1342,197,199,2026-03-15,success
1343,197,199,2026-04-14,success
1344,197,199,2026-05-14,success
1345,197,199,2026-06-13,success
1346,197,199,2026-07-13,success
1347,198,199,2026-06-17,success
1348,198,199,2026-07-17,success
1349,199,29,2026-05-25,success
1350,199,29,2026-06-24,success
1351,199,29,2026-07-24,success
1352,204,199,2026-04-07,success
1353,204,199,2026-05-07,success
1354,204,199,2026-06-06,success
1355,204,199,2026-07-06,success
1356,208,199,2025-02-07,success
1357,208,199,2025-03-09,success
1358,208,199,2025-04-08,success
1359,211,29,2025-09-18,success
1360,211,29,2025-10-18,success
1361,211,29,2025-11-17,success
1362,211,29,2025-12-17,success
1363,211,29,2026-01-16,success
1364,211,29,2026-02-15,success
1365,211,29,2026-03-17,success
1366,211,29,2026-04-16,success
1367,211,29,2026-05-16,success
1368,211,29,2026-06-15,failed
1369,211,29,2026-07-15,success
1370,215,29,2024-06-28,failed
1371,215,29,2024-07-28,success
1372,215,29,2024-08-27,success
1373,215,29,2024-09-26,success
1374,215,29,2024-10-26,success
1375,215,29,2024-11-25,success
1376,218,29,2025-12-21,success
1377,218,29,2026-01-20,success
1378,218,29,2026-02-19,success
1379,218,29,2026-03-21,failed
1380,218,29,2026-04-20,success
1381,218,29,2026-05-20,success
1382,218,29,2026-06-19,success
1383,218,29,2026-07-19,success
1384,220,29,2025-11-25,success
1385,220,29,2025-12-25,success
1386,220,29,2026-01-24,success
1387,220,29,2026-02-23,success
1388,220,29,2026-03-25,success
1389,220,29,2026-04-24,success
1390,220,29,2026-05-24,success
1391,220,29,2026-06-23,success
1392,220,29,2026-07-23,success
1393,223,199,2025-11-04,success
1394,223,199,2025-12-04,success
1395,223,199,2026-01-03,success
1396,224,199,2024-11-13,success
1397,224,199,2024-12-13,success
1398,224,199,2025-01-12,success
1399,224,199,2025-02-11,failed
1400,224,199,2025-03-13,success
1401,224,199,2025-04-12,success
1402,224,199,2025-05-12,success
1403,224,199,2025-06-11,success
1404,224,199,2025-07-11,success
1405,224,199,2025-08-10,success
1406,224,199,2025-09-09,success
1407,224,199,2025-10-09,success
1408,224,199,2025-11-08,success
1409,224,199,2025-12-08,success
1410,224,199,2026-01-07,success
1411,224,199,2026-02-06,success
1412,224,199,2026-03-08,success
1413,224,199,2026-04-07,success
1414,224,199,2026-05-07,success
1415,224,199,2026-06-06,success
1416,224,199,2026-07-06,success
1417,227,29,2025-06-09,success
1418,227,29,2025-07-09,success
1419,227,29,2025-08-08,success
1420,227,29,2025-09-07,success
1421,227,29,2025-10-07,success
1422,227,29,2025-11-06,success
1423,227,29,2025-12-06,success
1424,227,29,2026-01-05,success
1425,227,29,2026-02-04,success
1426,227,29,2026-03-06,failed
1427,227,29,2026-04-05,success
1428,227,29,2026-05-05,success
1429,227,29,2026-06-04,success
1430,227,29,2026-07-04,success
1431,228,199,2024-04-29,success
1432,228,199,2024-05-29,success
1433,228,199,2024-06-28,failed
1434,228,199,2024-07-28,success
1435,228,199,2024-08-27,success
1436,228,199,2024-09-26,success
1437,228,199,2024-10-26,success
1438,228,199,2024-11-25,success
1439,228,199,2024-12-25,success
1440,228,199,2025-01-24,success
1441,228,199,2025-02-23,success
1442,228,199,2025-03-25,success
1443,228,199,2025-04-24,success
1444,228,199,2025-05-24,success
1445,228,199,2025-06-23,success
1446,228,199,2025-07-23,success
1447,228,199,2025-08-22,success
1448,228,199,2025-09-21,success
1449,228,199,2025-10-21,success
1450,228,199,2025-11-20,success
1451,228,199,2025-12-20,success
1452,228,199,2026-01-19,success
1453,228,199,2026-02-18,success
1454,228,199,2026-03-20,success
1455,228,199,2026-04-19,success
1456,228,199,2026-05-19,success
1457,228,199,2026-06-18,success
1458,228,199,2026-07-18,success
1459,230,29,2025-03-28,success
1460,230,29,2025-04-27,success
1461,230,29,2025-05-27,success
1462,230,29,2025-06-26,success
1463,230,29,2025-07-26,success
1464,230,29,2025-08-25,success
1465,230,29,2025-09-24,success
1466,230,29,2025-10-24,success
1467,230,29,2025-11-23,success
1468,230,29,2025-12-23,success
1469,230,29,2026-01-22,success
1470,230,29,2026-02-21,success
1471,230,29,2026-03-23,success
1472,230,29,2026-04-22,success
1473,230,29,2026-05-22,success
1474,230,29,2026-06-21,success
1475,230,29,2026-07-21,success
1476,231,29,2024-04-09,success
1477,231,29,2024-05-09,success
1478,231,29,2024-06-08,success
1479,231,29,2024-07-08,success
1480,231,29,2024-08-07,failed
1481,231,29,2024-09-06,success
1482,231,29,2024-10-06,success
1483,231,29,2024-11-05,success
1484,231,29,2024-12-05,success
1485,236,199,2024-12-06,success
1486,236,199,2025-01-05,success
1487,236,199,2025-02-04,success
1488,236,199,2025-03-06,success
1489,236,199,2025-04-05,success
1490,236,199,2025-05-05,success
1491,236,199,2025-06-04,success
1492,236,199,2025-07-04,success
1493,236,199,2025-08-03,success
1494,236,199,2025-09-02,success
1495,236,199,2025-10-02,success
1496,236,199,2025-11-01,success
1497,236,199,2025-12-01,success
1498,236,199,2025-12-31,success
1499,236,199,2026-01-30,success
1500,236,199,2026-03-01,success
1501,236,199,2026-03-31,success
1502,236,199,2026-04-30,success
1503,236,199,2026-05-30,success
1504,236,199,2026-06-29,success
1505,236,199,2026-07-29,success
1506,244,29,2025-02-13,success
1507,244,29,2025-03-15,success
1508,244,29,2025-04-14,success
1509,244,29,2025-05-14,success
1510,244,29,2025-06-13,success
1511,244,29,2025-07-13,success
1512,244,29,2025-08-12,success
1513,244,29,2025-09-11,success
1514,244,29,2025-10-11,success
1515,244,29,2025-11-10,success
1516,244,29,2025-12-10,success
1517,244,29,2026-01-09,success
1518,244,29,2026-02-08,success
1519,244,29,2026-03-10,success
1520,244,29,2026-04-09,success
1521,244,29,2026-05-09,success
1522,244,29,2026-06-08,success
1523,244,29,2026-07-08,success
1524,245,29,2024-03-05,success
1525,245,29,2024-04-04,success
1526,245,29,2024-05-04,success
1527,245,29,2024-06-03,success
1528,245,29,2024-07-03,failed
1529,245,29,2024-08-02,success
1530,245,29,2024-09-01,failed
1531,245,29,2024-10-01,success
1532,245,29,2024-10-31,success
1533,245,29,2024-11-30,success
1534,245,29,2024-12-30,success
1535,245,29,2025-01-29,success
1536,245,29,2025-02-28,success
1537,245,29,2025-03-30,success
1538,245,29,2025-04-29,success
1539,245,29,2025-05-29,success
1540,245,29,2025-06-28,success
1541,245,29,2025-07-28,success
1542,245,29,2025-08-27,success
1543,245,29,2025-09-26,success
1544,245,29,2025-10-26,success
1545,245,29,2025-11-25,success
1546,245,29,2025-12-25,success
1547,245,29,2026-01-24,success
1548,245,29,2026-02-23,success
1549,245,29,2026-03-25,success
1550,245,29,2026-04-24,success
1551,245,29,2026-05-24,success
1552,245,29,2026-06-23,failed
1553,245,29,2026-07-23,failed
1554,246,29,2024-11-02,success
1555,246,29,2024-12-02,success
1556,246,29,2025-01-01,success
1557,246,29,2025-01-31,success
1558,246,29,2025-03-02,success
1559,246,29,2025-04-01,success
1560,246,29,2025-05-01,success
1561,248,199,2024-03-01,success
1562,248,199,2024-03-31,success
1563,248,199,2024-04-30,success
1564,248,199,2024-05-30,success
1565,249,29,2026-03-03,success
1566,249,29,2026-04-02,success
1567,249,29,2026-05-02,success
1568,249,29,2026-06-01,success
1569,249,29,2026-07-01,success
1570,249,29,2026-07-31,success
1571,250,29,2025-06-05,success
1572,250,29,2025-07-05,success
1573,250,29,2025-08-04,success
1574,250,29,2025-09-03,success
1575,250,29,2025-10-03,success
1576,250,29,2025-11-02,failed
1577,251,199,2024-11-03,success
1578,251,199,2024-12-03,success
1579,251,199,2025-01-02,success
1580,251,199,2025-02-01,success
1581,251,199,2025-03-03,success
1582,251,199,2025-04-02,success
1583,251,199,2025-05-02,success
1584,251,199,2025-06-01,success
1585,251,199,2025-07-01,success
1586,251,199,2025-07-31,success
1587,251,199,2025-08-30,success
1588,251,199,2025-09-29,success
1589,251,199,2025-10-29,success
1590,251,199,2025-11-28,success
1591,251,199,2025-12-28,success
1592,251,199,2026-01-27,success
1593,251,199,2026-02-26,success
1594,251,199,2026-03-28,failed
1595,251,199,2026-04-27,success
1596,251,199,2026-05-27,success
1597,251,199,2026-06-26,success
1598,251,199,2026-07-26,success
1599,252,29,2025-07-02,success
1600,252,29,2025-08-01,success
1601,252,29,2025-08-31,success
1602,252,29,2025-09-30,failed
1603,252,29,2025-10-30,success
1604,252,29,2025-11-29,success
1605,252,29,2025-12-29,success
1606,252,29,2026-01-28,success
1607,252,29,2026-02-27,success
1608,252,29,2026-03-29,success
1609,252,29,2026-04-28,success
1610,252,29,2026-05-28,success
1611,252,29,2026-06-27,success
1612,252,29,2026-07-27,success
1613,255,199,2024-06-26,success
1614,255,199,2024-07-26,success
1615,255,199,2024-08-25,success
1616,255,199,2024-09-24,success
1617,255,199,2024-10-24,success
1618,255,199,2024-11-23,success
1619,255,199,2024-12-23,success
1620,255,199,2025-01-22,success
1621,255,199,2025-02-21,success
1622,255,199,2025-03-23,success
1623,255,199,2025-04-22,success
1624,255,199,2025-05-22,success
1625,255,199,2025-06-21,failed
1626,255,199,2025-07-21,success
1627,255,199,2025-08-20,success
1628,255,199,2025-09-19,success
1629,255,199,2025-10-19,success
1630,255,199,2025-11-18,success
1631,255,199,2025-12-18,success
1632,255,199,2026-01-17,success
1633,255,199,2026-02-16,success
1634,255,199,2026-03-18,success
1635,255,199,2026-04-17,success
1636,255,199,2026-05-17,success
1637,255,199,2026-06-16,success
1638,255,199,2026-07-16,success
1639,262,29,2025-07-26,success
1640,262,29,2025-08-25,success
1641,262,29,2025-09-24,success
1642,262,29,2025-10-24,success
1643,262,29,2025-11-23,success
1644,262,29,2025-12-23,success
1645,262,29,2026-01-22,success
1646,262,29,2026-02-21,success
1647,262,29,2026-03-23,success
1648,262,29,2026-04-22,success
1649,262,29,2026-05-22,success
1650,262,29,2026-06-21,success
1651,262,29,2026-07-21,success
1652,263,29,2026-03-07,success
1653,263,29,2026-04-06,success
1654,263,29,2026-05-06,success
1655,263,29,2026-06-05,success
1656,263,29,2026-07-05,success
1657,264,199,2025-07-03,success
1658,264,199,2025-08-02,success
1659,264,199,2025-09-01,success
1660,264,199,2025-10-01,success
1661,264,199,2025-10-31,success
1662,264,199,2025-11-30,failed
1663,264,199,2025-12-30,success
1664,264,199,2026-01-29,success
1665,264,199,2026-02-28,success
1666,264,199,2026-03-30,success
1667,264,199,2026-04-29,success
1668,264,199,2026-05-29,success
1669,264,199,2026-06-28,success
1670,264,199,2026-07-28,success
1671,265,199,2025-08-03,success
1672,265,199,2025-09-02,success
1673,265,199,2025-10-02,success
1674,265,199,2025-11-01,success
1675,265,199,2025-12-01,success
1676,265,199,2025-12-31,success
1677,265,199,2026-01-30,success
1678,265,199,2026-03-01,success
1679,265,199,2026-03-31,success
1680,265,199,2026-04-30,success
1681,265,199,2026-05-30,success
1682,265,199,2026-06-29,success
1683,265,199,2026-07-29,success
1684,267,199,2026-06-05,success
1685,267,199,2026-07-05,success
1686,269,199,2025-05-31,success
1687,269,199,2025-06-30,success
1688,269,199,2025-07-30,success
1689,269,199,2025-08-29,success
1690,269,199,2025-09-28,success
1691,269,199,2025-10-28,success
1692,269,199,2025-11-27,success
1693,269,199,2025-12-27,success
1694,269,199,2026-01-26,success
1695,273,199,2026-06-25,success
1696,273,199,2026-07-25,success
1697,274,199,2025-07-31,success
1698,274,199,2025-08-30,success
1699,274,199,2025-09-29,failed
1700,274,199,2025-10-29,success
1701,274,199,2025-11-28,success
1702,274,199,2025-12-28,success
1703,274,199,2026-01-27,success
1704,274,199,2026-02-26,success
1705,274,199,2026-03-28,success
1706,274,199,2026-04-27,success
1707,274,199,2026-05-27,success
1708,274,199,2026-06-26,success
1709,274,199,2026-07-26,success
1710,275,29,2024-09-01,success
1711,275,29,2024-10-01,success
1712,275,29,2024-10-31,success
1713,275,29,2024-11-30,success
1714,275,29,2024-12-30,success
1715,275,29,2025-01-29,success
1716,275,29,2025-02-28,success
1717,275,29,2025-03-30,failed
1718,275,29,2025-04-29,success
1719,275,29,2025-05-29,success
1720,275,29,2025-06-28,success
1721,275,29,2025-07-28,success
1722,275,29,2025-08-27,success
1723,275,29,2025-09-26,success
1724,275,29,2025-10-26,success
1725,275,29,2025-11-25,success
1726,275,29,2025-12-25,success
1727,275,29,2026-01-24,failed
1728,275,29,2026-02-23,success
1729,275,29,2026-03-25,success
1730,275,29,2026-04-24,success
1731,275,29,2026-05-24,success
1732,275,29,2026-06-23,success
1733,275,29,2026-07-23,failed
1734,278,29,2024-11-05,success
1735,278,29,2024-12-05,success
1736,278,29,2025-01-04,success
1737,278,29,2025-02-03,success
1738,278,29,2025-03-05,success
1739,278,29,2025-04-04,success
1740,278,29,2025-05-04,success
1741,278,29,2025-06-03,success
1742,278,29,2025-07-03,success
1743,278,29,2025-08-02,success
1744,278,29,2025-09-01,success
1745,278,29,2025-10-01,success
1746,278,29,2025-10-31,success
1747,278,29,2025-11-30,success
1748,278,29,2025-12-30,success
1749,278,29,2026-01-29,success
1750,278,29,2026-02-28,success
1751,278,29,2026-03-30,success
1752,278,29,2026-04-29,success
1753,278,29,2026-05-29,success
1754,278,29,2026-06-28,success
1755,278,29,2026-07-28,success
1756,279,199,2025-07-06,success
1757,279,199,2025-08-05,success
1758,279,199,2025-09-04,success
1759,279,199,2025-10-04,success
1760,279,199,2025-11-03,success
1761,279,199,2025-12-03,success
1762,279,199,2026-01-02,success
1763,279,199,2026-02-01,success
1764,279,199,2026-03-03,success
1765,279,199,2026-04-02,success
1766,279,199,2026-05-02,success
1767,279,199,2026-06-01,failed
1768,279,199,2026-07-01,success
1769,279,199,2026-07-31,success
1770,283,199,2025-06-01,success
1771,283,199,2025-07-01,success
1772,283,199,2025-07-31,success
1773,283,199,2025-08-30,success
1774,283,199,2025-09-29,success
1775,283,199,2025-10-29,success
1776,283,199,2025-11-28,success
1777,283,199,2025-12-28,success
1778,283,199,2026-01-27,success
1779,283,199,2026-02-26,success
1780,284,199,2024-05-11,success
1781,284,199,2024-06-10,success
1782,284,199,2024-07-10,success
1783,284,199,2024-08-09,success
1784,284,199,2024-09-08,success
1785,284,199,2024-10-08,success
1786,284,199,2024-11-07,success
1787,284,199,2024-12-07,success
1788,284,199,2025-01-06,success
1789,284,199,2025-02-05,success
1790,284,199,2025-03-07,success
1791,284,199,2025-04-06,success
1792,284,199,2025-05-06,success
1793,284,199,2025-06-05,success
1794,284,199,2025-07-05,success
1795,284,199,2025-08-04,success
1796,284,199,2025-09-03,success
1797,284,199,2025-10-03,success
1798,284,199,2025-11-02,success
1799,284,199,2025-12-02,success
1800,284,199,2026-01-01,success
1801,284,199,2026-01-31,success
1802,284,199,2026-03-02,success
1803,284,199,2026-04-01,success
1804,284,199,2026-05-01,success
1805,284,199,2026-05-31,success
1806,284,199,2026-06-30,success
1807,284,199,2026-07-30,success
1808,285,199,2024-12-23,success
1809,285,199,2025-01-22,success
1810,285,199,2025-02-21,success
1811,285,199,2025-03-23,success
1812,285,199,2025-04-22,success
1813,285,199,2025-05-22,success
1814,285,199,2025-06-21,success
1815,285,199,2025-07-21,success
1816,285,199,2025-08-20,success
1817,285,199,2025-09-19,success
1818,285,199,2025-10-19,success
1819,291,29,2025-11-12,success
1820,291,29,2025-12-12,success
1821,291,29,2026-01-11,success
1822,291,29,2026-02-10,success
1823,292,29,2024-12-28,success
1824,292,29,2025-01-27,success
1825,292,29,2025-02-26,success
1826,292,29,2025-03-28,success
1827,292,29,2025-04-27,success
1828,292,29,2025-05-27,success
1829,292,29,2025-06-26,success
1830,292,29,2025-07-26,success
1831,292,29,2025-08-25,success
1832,292,29,2025-09-24,success
1833,292,29,2025-10-24,success
1834,292,29,2025-11-23,success
1835,292,29,2025-12-23,success
1836,292,29,2026-01-22,success
1837,292,29,2026-02-21,success
1838,292,29,2026-03-23,success
1839,292,29,2026-04-22,success
1840,292,29,2026-05-22,success
1841,292,29,2026-06-21,failed
1842,292,29,2026-07-21,success
1843,293,199,2026-01-22,success
1844,293,199,2026-02-21,success
1845,293,199,2026-03-23,success
1846,293,199,2026-04-22,success
1847,293,199,2026-05-22,success
1848,293,199,2026-06-21,success
1849,293,199,2026-07-21,success
1850,295,29,2024-11-09,success
1851,295,29,2024-12-09,success
1852,295,29,2025-01-08,success
1853,295,29,2025-02-07,success
1854,295,29,2025-03-09,success
1855,295,29,2025-04-08,success
1856,295,29,2025-05-08,success
1857,295,29,2025-06-07,success
1858,295,29,2025-07-07,success
1859,295,29,2025-08-06,failed
1860,295,29,2025-09-05,success
1861,295,29,2025-10-05,success
1862,295,29,2025-11-04,success
1863,295,29,2025-12-04,success
1864,295,29,2026-01-03,success
1865,295,29,2026-02-02,success
1866,295,29,2026-03-04,success
1867,295,29,2026-04-03,success
1868,295,29,2026-05-03,success
1869,295,29,2026-06-02,success
1870,295,29,2026-07-02,success
1871,296,199,2024-07-30,success
1872,296,199,2024-08-29,success
1873,296,199,2024-09-28,success
1874,296,199,2024-10-28,success
1875,296,199,2024-11-27,success
1876,296,199,2024-12-27,success
1877,296,199,2025-01-26,success
1878,296,199,2025-02-25,success
1879,296,199,2025-03-27,success
1880,296,199,2025-04-26,success
1881,296,199,2025-05-26,success
1882,296,199,2025-06-25,success
1883,296,199,2025-07-25,success
1884,296,199,2025-08-24,success
1885,296,199,2025-09-23,success
1886,296,199,2025-10-23,success
1887,296,199,2025-11-22,success
1888,296,199,2025-12-22,success
1889,296,199,2026-01-21,success
1890,296,199,2026-02-20,success
1891,296,199,2026-03-22,success
1892,296,199,2026-04-21,success
1893,296,199,2026-05-21,success
1894,296,199,2026-06-20,success
1895,296,199,2026-07-20,success
1896,297,199,2024-07-09,success
1897,297,199,2024-08-08,success
1898,297,199,2024-09-07,success
1899,297,199,2024-10-07,success
1900,297,199,2024-11-06,success
1901,297,199,2024-12-06,success
1902,297,199,2025-01-05,success
1903,297,199,2025-02-04,success
1904,297,199,2025-03-06,success
1905,297,199,2025-04-05,success
1906,297,199,2025-05-05,failed
1907,297,199,2025-06-04,success
1908,297,199,2025-07-04,success
1909,297,199,2025-08-03,failed
1910,297,199,2025-09-02,success
1911,297,199,2025-10-02,success
1912,297,199,2025-11-01,success
1913,297,199,2025-12-01,success
1914,297,199,2025-12-31,success
1915,297,199,2026-01-30,success
1916,297,199,2026-03-01,success
1917,297,199,2026-03-31,success
1918,297,199,2026-04-30,success
1919,297,199,2026-05-30,success
1920,297,199,2026-06-29,success
1921,297,199,2026-07-29,success
1922,298,29,2025-04-09,success
1923,298,29,2025-05-09,success
1924,298,29,2025-06-08,success
1925,298,29,2025-07-08,success
1926,298,29,2025-08-07,success
1927,298,29,2025-09-06,success
1928,298,29,2025-10-06,success
1929,298,29,2025-11-05,success
1930,298,29,2025-12-05,success
1931,298,29,2026-01-04,success
1932,298,29,2026-02-03,success
1933,298,29,2026-03-05,success
1934,298,29,2026-04-04,success
1935,298,29,2026-05-04,success
1936,298,29,2026-06-03,success
1937,298,29,2026-07-03,success
1938,299,29,2025-02-07,success
1939,299,29,2025-03-09,success
1940,299,29,2025-04-08,success
1941,299,29,2025-05-08,success
1942,299,29,2025-06-07,success
1943,299,29,2025-07-07,success
1944,299,29,2025-08-06,success
1945,299,29,2025-09-05,success
1946,299,29,2025-10-05,success
1947,299,29,2025-11-04,success
1948,299,29,2025-12-04,success
1949,299,29,2026-01-03,failed
1950,299,29,2026-02-02,success
1951,299,29,2026-03-04,success
1952,299,29,2026-04-03,success
1953,299,29,2026-05-03,success
1954,299,29,2026-06-02,success
1955,299,29,2026-07-02,success
1956,300,199,2026-04-24,success
1957,300,199,2026-05-24,success
1958,300,199,2026-06-23,success
1959,300,199,2026-07-23,success
1960,301,29,2024-05-16,success
1961,301,29,2024-06-15,success
1962,301,29,2024-07-15,success
1963,301,29,2024-08-14,success
1964,301,29,2024-09-13,success
1965,301,29,2024-10-13,success
1966,301,29,2024-11-12,success
1967,301,29,2024-12-12,success
1968,301,29,2025-01-11,success
1969,301,29,2025-02-10,success
1970,301,29,2025-03-12,success
1971,304,29,2024-04-26,success
1972,304,29,2024-05-26,success
1973,304,29,2024-06-25,failed
1974,304,29,2024-07-25,success
1975,304,29,2024-08-24,failed
1976,304,29,2024-09-23,success
1977,304,29,2024-10-23,failed
1978,304,29,2024-11-22,success
1979,304,29,2024-12-22,success
1980,304,29,2025-01-21,success
1981,304,29,2025-02-20,success
1982,304,29,2025-03-22,success
1983,307,29,2024-06-26,success
1984,307,29,2024-07-26,success
1985,307,29,2024-08-25,success
1986,307,29,2024-09-24,success
1987,307,29,2024-10-24,success
1988,307,29,2024-11-23,success
1989,307,29,2024-12-23,success
1990,307,29,2025-01-22,success
1991,307,29,2025-02-21,success
1992,307,29,2025-03-23,success
1993,307,29,2025-04-22,success
1994,307,29,2025-05-22,success
1995,307,29,2025-06-21,failed
1996,307,29,2025-07-21,failed
1997,307,29,2025-08-20,success
1998,307,29,2025-09-19,success
1999,307,29,2025-10-19,success
2000,307,29,2025-11-18,success
2001,307,29,2025-12-18,failed
2002,307,29,2026-01-17,success
2003,307,29,2026-02-16,success
2004,307,29,2026-03-18,success
2005,307,29,2026-04-17,success
2006,307,29,2026-05-17,success
2007,307,29,2026-06-16,success
2008,307,29,2026-07-16,success
2009,308,29,2026-06-21,success
2010,308,29,2026-07-21,success
2011,310,29,2024-05-02,success
2012,310,29,2024-06-01,success
2013,310,29,2024-07-01,success
2014,310,29,2024-07-31,success
2015,310,29,2024-08-30,success
2016,310,29,2024-09-29,success
2017,310,29,2024-10-29,success
2018,310,29,2024-11-28,success
2019,310,29,2024-12-28,failed
2020,310,29,2025-01-27,success
2021,310,29,2025-02-26,success
2022,310,29,2025-03-28,success
2023,310,29,2025-04-27,success
2024,310,29,2025-05-27,success
2025,310,29,2025-06-26,success
2026,310,29,2025-07-26,success
2027,310,29,2025-08-25,success
2028,310,29,2025-09-24,success
2029,310,29,2025-10-24,success
2030,310,29,2025-11-23,success
2031,310,29,2025-12-23,success
2032,310,29,2026-01-22,success
2033,310,29,2026-02-21,success
2034,310,29,2026-03-23,success
2035,310,29,2026-04-22,success
2036,310,29,2026-05-22,success
2037,310,29,2026-06-21,success
2038,310,29,2026-07-21,success
2039,312,29,2026-05-28,success
2040,312,29,2026-06-27,success
2041,312,29,2026-07-27,success
2042,313,29,2025-09-01,success
2043,313,29,2025-10-01,success
2044,313,29,2025-10-31,success
2045,313,29,2025-11-30,success
2046,313,29,2025-12-30,success
2047,313,29,2026-01-29,success
2048,313,29,2026-02-28,success
2049,313,29,2026-03-30,success
2050,313,29,2026-04-29,success
2051,313,29,2026-05-29,success
2052,313,29,2026-06-28,success
2053,313,29,2026-07-28,success
2054,314,29,2026-03-03,success
2055,314,29,2026-04-02,success
2056,314,29,2026-05-02,success
2057,314,29,2026-06-01,success
2058,314,29,2026-07-01,success
2059,314,29,2026-07-31,success
2060,315,199,2024-12-18,success
2061,315,199,2025-01-17,success
2062,315,199,2025-02-16,success
2063,315,199,2025-03-18,success
2064,315,199,2025-04-17,success
2065,315,199,2025-05-17,success
2066,315,199,2025-06-16,success
2067,315,199,2025-07-16,failed
2068,315,199,2025-08-15,success
2069,315,199,2025-09-14,success
2070,315,199,2025-10-14,success
2071,315,199,2025-11-13,success
2072,321,29,2026-06-13,success
2073,321,29,2026-07-13,success
2074,322,29,2025-09-08,success
2075,322,29,2025-10-08,success
2076,322,29,2025-11-07,success
2077,322,29,2025-12-07,success
2078,322,29,2026-01-06,success
2079,322,29,2026-02-05,success
2080,322,29,2026-03-07,success
2081,322,29,2026-04-06,success
2082,322,29,2026-05-06,success
2083,322,29,2026-06-05,success
2084,322,29,2026-07-05,success
2085,323,29,2024-06-22,success
2086,323,29,2024-07-22,success
2087,323,29,2024-08-21,success
2088,323,29,2024-09-20,success
2089,323,29,2024-10-20,success
2090,323,29,2024-11-19,success
2091,323,29,2024-12-19,success
2092,323,29,2025-01-18,success
2093,323,29,2025-02-17,failed
2094,323,29,2025-03-19,success
2095,323,29,2025-04-18,success
2096,323,29,2025-05-18,success
2097,323,29,2025-06-17,success
2098,323,29,2025-07-17,failed
2099,323,29,2025-08-16,success
2100,323,29,2025-09-15,success
2101,323,29,2025-10-15,success
2102,323,29,2025-11-14,success
2103,323,29,2025-12-14,success
2104,323,29,2026-01-13,failed
2105,323,29,2026-02-12,success
2106,323,29,2026-03-14,success
2107,323,29,2026-04-13,success
2108,323,29,2026-05-13,success
2109,323,29,2026-06-12,success
2110,323,29,2026-07-12,success
2111,327,29,2025-05-31,success
2112,327,29,2025-06-30,success
2113,327,29,2025-07-30,success
2114,327,29,2025-08-29,success
2115,327,29,2025-09-28,success
2116,327,29,2025-10-28,success
2117,327,29,2025-11-27,success
2118,327,29,2025-12-27,success
2119,327,29,2026-01-26,success
2120,327,29,2026-02-25,success
2121,327,29,2026-03-27,success
2122,327,29,2026-04-26,failed
2123,327,29,2026-05-26,success
2124,327,29,2026-06-25,success
2125,327,29,2026-07-25,success
2126,328,199,2025-10-14,success
2127,328,199,2025-11-13,success
2128,328,199,2025-12-13,success
2129,328,199,2026-01-12,success
2130,328,199,2026-02-11,failed
2131,328,199,2026-03-13,success
2132,328,199,2026-04-12,success
2133,328,199,2026-05-12,success
2134,328,199,2026-06-11,success
2135,328,199,2026-07-11,success
2136,332,29,2024-10-17,success
2137,332,29,2024-11-16,success
2138,332,29,2024-12-16,success
2139,332,29,2025-01-15,success
2140,332,29,2025-02-14,success
2141,332,29,2025-03-16,success
2142,332,29,2025-04-15,success
2143,332,29,2025-05-15,success
2144,332,29,2025-06-14,success
2145,332,29,2025-07-14,success
2146,332,29,2025-08-13,success
2147,332,29,2025-09-12,success
2148,332,29,2025-10-12,failed
2149,332,29,2025-11-11,failed
2150,332,29,2025-12-11,failed
2151,332,29,2026-01-10,success
2152,332,29,2026-02-09,success
2153,332,29,2026-03-11,success
2154,332,29,2026-04-10,failed
2155,332,29,2026-05-10,success
2156,332,29,2026-06-09,success
2157,332,29,2026-07-09,success
2158,334,29,2026-06-23,success
2159,334,29,2026-07-23,success
2160,336,29,2025-10-12,success
2161,336,29,2025-11-11,success
2162,336,29,2025-12-11,success
2163,336,29,2026-01-10,success
2164,336,29,2026-02-09,success
2165,336,29,2026-03-11,success
2166,336,29,2026-04-10,success
2167,336,29,2026-05-10,success
2168,336,29,2026-06-09,success
2169,336,29,2026-07-09,failed
2170,339,29,2025-03-24,success
2171,339,29,2025-04-23,success
2172,339,29,2025-05-23,success
2173,339,29,2025-06-22,success
2174,339,29,2025-07-22,success
2175,339,29,2025-08-21,success
2176,339,29,2025-09-20,success
2177,339,29,2025-10-20,success
2178,339,29,2025-11-19,success
2179,339,29,2025-12-19,success
2180,339,29,2026-01-18,success
2181,339,29,2026-02-17,success
2182,339,29,2026-03-19,success
2183,339,29,2026-04-18,success
2184,339,29,2026-05-18,success
2185,339,29,2026-06-17,success
2186,339,29,2026-07-17,success
2187,340,29,2026-06-05,success
2188,340,29,2026-07-05,success
2189,343,29,2024-03-16,failed
2190,343,29,2024-04-15,success
2191,343,29,2024-05-15,success
2192,343,29,2024-06-14,success
2193,343,29,2024-07-14,failed
2194,343,29,2024-08-13,success
2195,343,29,2024-09-12,success
2196,343,29,2024-10-12,success
2197,343,29,2024-11-11,success
2198,343,29,2024-12-11,success
2199,343,29,2025-01-10,success
2200,343,29,2025-02-09,success
2201,343,29,2025-03-11,success
2202,343,29,2025-04-10,success
2203,343,29,2025-05-10,success
2204,343,29,2025-06-09,success
2205,343,29,2025-07-09,success
2206,343,29,2025-08-08,success
2207,343,29,2025-09-07,success
2208,343,29,2025-10-07,success
2209,343,29,2025-11-06,success
2210,343,29,2025-12-06,success
2211,343,29,2026-01-05,success
2212,343,29,2026-02-04,success
2213,343,29,2026-03-06,success
2214,343,29,2026-04-05,success
2215,343,29,2026-05-05,success
2216,343,29,2026-06-04,success
2217,343,29,2026-07-04,success
2218,346,29,2024-07-03,success
2219,346,29,2024-08-02,success
2220,346,29,2024-09-01,success
2221,346,29,2024-10-01,success
2222,346,29,2024-10-31,success
2223,346,29,2024-11-30,failed
2224,346,29,2024-12-30,failed
2225,346,29,2025-01-29,success
2226,346,29,2025-02-28,success
2227,346,29,2025-03-30,success
2228,346,29,2025-04-29,success
2229,346,29,2025-05-29,success
2230,346,29,2025-06-28,success
2231,347,199,2025-02-19,success
2232,347,199,2025-03-21,failed
2233,347,199,2025-04-20,failed
2234,347,199,2025-05-20,success
2235,347,199,2025-06-19,success
2236,347,199,2025-07-19,success
2237,347,199,2025-08-18,failed
2238,347,199,2025-09-17,success
2239,347,199,2025-10-17,success
2240,347,199,2025-11-16,success
2241,347,199,2025-12-16,success
2242,347,199,2026-01-15,success
2243,347,199,2026-02-14,success
2244,347,199,2026-03-16,success
2245,347,199,2026-04-15,success
2246,347,199,2026-05-15,success
2247,347,199,2026-06-14,success
2248,347,199,2026-07-14,success
2249,350,29,2025-10-03,success
2250,350,29,2025-11-02,success
2251,350,29,2025-12-02,success
2252,350,29,2026-01-01,success
2253,350,29,2026-01-31,success
2254,350,29,2026-03-02,success
2255,350,29,2026-04-01,success
2256,350,29,2026-05-01,success
2257,350,29,2026-05-31,success
2258,350,29,2026-06-30,success
2259,350,29,2026-07-30,failed
2260,353,199,2025-09-13,success
2261,353,199,2025-10-13,success
2262,353,199,2025-11-12,success
2263,353,199,2025-12-12,success
2264,353,199,2026-01-11,success
2265,353,199,2026-02-10,success
2266,353,199,2026-03-12,success
2267,353,199,2026-04-11,success
2268,353,199,2026-05-11,failed
2269,353,199,2026-06-10,success
2270,353,199,2026-07-10,success
2271,354,29,2026-06-03,success
2272,354,29,2026-07-03,success
2273,356,199,2026-06-21,success
2274,356,199,2026-07-21,success
2275,357,199,2025-07-01,success
2276,357,199,2025-07-31,success
2277,357,199,2025-08-30,success
2278,357,199,2025-09-29,success
2279,357,199,2025-10-29,success
2280,357,199,2025-11-28,success
2281,357,199,2025-12-28,success
2282,357,199,2026-01-27,success
2283,357,199,2026-02-26,success
2284,357,199,2026-03-28,success
2285,357,199,2026-04-27,success
2286,357,199,2026-05-27,success
2287,357,199,2026-06-26,success
2288,357,199,2026-07-26,failed
2289,361,29,2025-09-30,success
2290,361,29,2025-10-30,success
2291,361,29,2025-11-29,success
2292,361,29,2025-12-29,success
2293,361,29,2026-01-28,success
2294,361,29,2026-02-27,success
2295,361,29,2026-03-29,success
2296,361,29,2026-04-28,success
2297,361,29,2026-05-28,success
2298,361,29,2026-06-27,success
2299,361,29,2026-07-27,success
2300,362,199,2025-10-15,success
2301,362,199,2025-11-14,success
2302,362,199,2025-12-14,success
2303,362,199,2026-01-13,success
2304,362,199,2026-02-12,success
2305,362,199,2026-03-14,success
2306,362,199,2026-04-13,success
2307,362,199,2026-05-13,success
2308,362,199,2026-06-12,success
2309,362,199,2026-07-12,success
2310,366,29,2024-09-18,success
2311,366,29,2024-10-18,success
2312,366,29,2024-11-17,success
2313,366,29,2024-12-17,failed
2314,366,29,2025-01-16,success
2315,366,29,2025-02-15,success
2316,366,29,2025-03-17,success
2317,366,29,2025-04-16,success
2318,366,29,2025-05-16,success
2319,366,29,2025-06-15,success
2320,366,29,2025-07-15,success
2321,366,29,2025-08-14,success
2322,366,29,2025-09-13,success
2323,366,29,2025-10-13,success
2324,366,29,2025-11-12,success
2325,366,29,2025-12-12,success
2326,366,29,2026-01-11,failed
2327,366,29,2026-02-10,success
2328,366,29,2026-03-12,success
2329,366,29,2026-04-11,success
2330,366,29,2026-05-11,success
2331,366,29,2026-06-10,success
2332,366,29,2026-07-10,success
2333,368,199,2024-10-09,success
2334,368,199,2024-11-08,success
2335,368,199,2024-12-08,success
2336,368,199,2025-01-07,success
2337,368,199,2025-02-06,success
2338,368,199,2025-03-08,success
2339,368,199,2025-04-07,success
2340,368,199,2025-05-07,success
2341,368,199,2025-06-06,success
2342,368,199,2025-07-06,success
2343,368,199,2025-08-05,success
2344,368,199,2025-09-04,success
2345,368,199,2025-10-04,success
2346,368,199,2025-11-03,success
2347,368,199,2025-12-03,success
2348,368,199,2026-01-02,success
2349,368,199,2026-02-01,success
2350,368,199,2026-03-03,success
2351,368,199,2026-04-02,success
2352,368,199,2026-05-02,success
2353,368,199,2026-06-01,success
2354,368,199,2026-07-01,success
2355,368,199,2026-07-31,success
2356,369,29,2024-05-15,success
2357,369,29,2024-06-14,success
2358,369,29,2024-07-14,success
2359,369,29,2024-08-13,failed
2360,369,29,2024-09-12,success
2361,369,29,2024-10-12,success
2362,369,29,2024-11-11,success
2363,369,29,2024-12-11,success
2364,369,29,2025-01-10,success
2365,369,29,2025-02-09,success
2366,372,199,2026-07-01,success
2367,372,199,2026-07-31,success
2368,375,29,2025-04-29,success
2369,375,29,2025-05-29,success
2370,375,29,2025-06-28,success
2371,375,29,2025-07-28,success
2372,375,29,2025-08-27,success
2373,375,29,2025-09-26,success
2374,375,29,2025-10-26,success
2375,375,29,2025-11-25,success
2376,375,29,2025-12-25,success
2377,375,29,2026-01-24,success
2378,375,29,2026-02-23,success
2379,375,29,2026-03-25,success
2380,375,29,2026-04-24,success
2381,375,29,2026-05-24,success
2382,375,29,2026-06-23,success
2383,375,29,2026-07-23,success
2384,376,199,2025-10-19,failed
2385,376,199,2025-11-18,success
2386,376,199,2025-12-18,success
2387,376,199,2026-01-17,success
2388,376,199,2026-02-16,success
2389,376,199,2026-03-18,success
2390,376,199,2026-04-17,success
2391,376,199,2026-05-17,success
2392,376,199,2026-06-16,success
2393,376,199,2026-07-16,success
2394,377,199,2024-08-26,success
2395,377,199,2024-09-25,success
2396,377,199,2024-10-25,success
2397,377,199,2024-11-24,success
2398,377,199,2024-12-24,success
2399,377,199,2025-01-23,success
2400,377,199,2025-02-22,success
2401,377,199,2025-03-24,success
2402,377,199,2025-04-23,success
2403,377,199,2025-05-23,success
2404,377,199,2025-06-22,success
2405,377,199,2025-07-22,success
2406,377,199,2025-08-21,success
2407,377,199,2025-09-20,success
2408,377,199,2025-10-20,success
2409,377,199,2025-11-19,success
2410,377,199,2025-12-19,success
2411,377,199,2026-01-18,success
2412,377,199,2026-02-17,success
2413,377,199,2026-03-19,success
2414,377,199,2026-04-18,success
2415,377,199,2026-05-18,success
2416,377,199,2026-06-17,success
2417,377,199,2026-07-17,success
2418,379,199,2024-11-05,success
2419,379,199,2024-12-05,success
2420,379,199,2025-01-04,success
2421,379,199,2025-02-03,success
2422,379,199,2025-03-05,success
2423,379,199,2025-04-04,success
2424,379,199,2025-05-04,success
2425,379,199,2025-06-03,success
2426,379,199,2025-07-03,success
2427,379,199,2025-08-02,success
2428,379,199,2025-09-01,success
2429,379,199,2025-10-01,success
2430,379,199,2025-10-31,success
2431,379,199,2025-11-30,success
2432,379,199,2025-12-30,success
2433,379,199,2026-01-29,success
2434,379,199,2026-02-28,success
2435,379,199,2026-03-30,success
2436,379,199,2026-04-29,failed
2437,379,199,2026-05-29,success
2438,379,199,2026-06-28,success
2439,379,199,2026-07-28,success
2440,382,29,2025-04-16,success
2441,382,29,2025-05-16,success
2442,382,29,2025-06-15,success
2443,382,29,2025-07-15,success
2444,382,29,2025-08-14,success
2445,382,29,2025-09-13,success
2446,382,29,2025-10-13,success
2447,382,29,2025-11-12,success
2448,382,29,2025-12-12,success
2449,382,29,2026-01-11,success
2450,382,29,2026-02-10,failed
2451,382,29,2026-03-12,success
2452,382,29,2026-04-11,success
2453,382,29,2026-05-11,success
2454,382,29,2026-06-10,success
2455,382,29,2026-07-10,success
2456,384,29,2025-09-30,success
2457,384,29,2025-10-30,success
2458,384,29,2025-11-29,success
2459,384,29,2025-12-29,success
2460,384,29,2026-01-28,success
2461,384,29,2026-02-27,success
2462,384,29,2026-03-29,success
2463,384,29,2026-04-28,success
2464,384,29,2026-05-28,success
2465,384,29,2026-06-27,success
2466,384,29,2026-07-27,success
2467,385,29,2024-06-04,success
2468,385,29,2024-07-04,success
2469,385,29,2024-08-03,success
2470,385,29,2024-09-02,success
2471,385,29,2024-10-02,success
2472,385,29,2024-11-01,success
2473,388,29,2024-06-17,success
2474,388,29,2024-07-17,success
2475,388,29,2024-08-16,success
2476,388,29,2024-09-15,success
2477,388,29,2024-10-15,success
2478,388,29,2024-11-14,success
2479,388,29,2024-12-14,success
2480,388,29,2025-01-13,success
2481,388,29,2025-02-12,success
2482,388,29,2025-03-14,success
2483,388,29,2025-04-13,success
2484,388,29,2025-05-13,success
2485,388,29,2025-06-12,success
2486,388,29,2025-07-12,success
2487,388,29,2025-08-11,success
2488,388,29,2025-09-10,success
2489,388,29,2025-10-10,success
2490,388,29,2025-11-09,success
2491,388,29,2025-12-09,success
2492,388,29,2026-01-08,success
2493,388,29,2026-02-07,success
2494,388,29,2026-03-09,success
2495,388,29,2026-04-08,success
2496,388,29,2026-05-08,success
2497,388,29,2026-06-07,failed
2498,388,29,2026-07-07,success
2499,392,29,2025-04-18,success
2500,392,29,2025-05-18,success
2501,392,29,2025-06-17,success
2502,392,29,2025-07-17,success
2503,392,29,2025-08-16,success
2504,392,29,2025-09-15,success
2505,392,29,2025-10-15,success
2506,392,29,2025-11-14,success
2507,392,29,2025-12-14,success
2508,392,29,2026-01-13,success
2509,392,29,2026-02-12,success
2510,392,29,2026-03-14,success
2511,392,29,2026-04-13,success
2512,392,29,2026-05-13,success
2513,392,29,2026-06-12,success
2514,392,29,2026-07-12,success
2515,393,29,2026-05-18,success
2516,393,29,2026-06-17,success
2517,397,199,2024-05-12,success
2518,397,199,2024-06-11,success
2519,397,199,2024-07-11,success
2520,397,199,2024-08-10,success
2521,397,199,2024-09-09,success
2522,397,199,2024-10-09,failed
2523,397,199,2024-11-08,failed
2524,397,199,2024-12-08,success
2525,397,199,2025-01-07,success
2526,397,199,2025-02-06,success
2527,397,199,2025-03-08,success
2528,397,199,2025-04-07,success
2529,397,199,2025-05-07,success
2530,397,199,2025-06-06,success
2531,397,199,2025-07-06,success
2532,397,199,2025-08-05,success
2533,397,199,2025-09-04,success
2534,397,199,2025-10-04,failed
2535,397,199,2025-11-03,success
2536,397,199,2025-12-03,success
2537,397,199,2026-01-02,success
2538,397,199,2026-02-01,success
2539,397,199,2026-03-03,success
2540,397,199,2026-04-02,success
2541,397,199,2026-05-02,success
2542,397,199,2026-06-01,success
2543,397,199,2026-07-01,success
2544,397,199,2026-07-31,failed
2545,402,199,2025-05-29,failed
2546,402,199,2025-06-28,success
2547,402,199,2025-07-28,success
2548,402,199,2025-08-27,failed
2549,402,199,2025-09-26,success
2550,402,199,2025-10-26,success
2551,402,199,2025-11-25,success
2552,402,199,2025-12-25,success
2553,402,199,2026-01-24,success
2554,402,199,2026-02-23,failed
2555,402,199,2026-03-25,success
2556,402,199,2026-04-24,success
2557,402,199,2026-05-24,success
2558,402,199,2026-06-23,success
2559,402,199,2026-07-23,success
2560,403,29,2025-08-29,success
2561,403,29,2025-09-28,success
2562,403,29,2025-10-28,success
2563,403,29,2025-11-27,failed
2564,403,29,2025-12-27,success
2565,403,29,2026-01-26,success
2566,403,29,2026-02-25,success
2567,403,29,2026-03-27,success
2568,403,29,2026-04-26,success
2569,403,29,2026-05-26,success
2570,403,29,2026-06-25,success
2571,403,29,2026-07-25,success
2572,404,199,2025-05-23,success
2573,404,199,2025-06-22,success
2574,404,199,2025-07-22,success
2575,404,199,2025-08-21,success
2576,404,199,2025-09-20,success
2577,404,199,2025-10-20,success
2578,404,199,2025-11-19,success
2579,404,199,2025-12-19,success
2580,404,199,2026-01-18,success
2581,404,199,2026-02-17,success
2582,404,199,2026-03-19,success
2583,404,199,2026-04-18,success
2584,404,199,2026-05-18,success
2585,404,199,2026-06-17,success
2586,404,199,2026-07-17,success
2587,410,29,2026-05-06,success
2588,410,29,2026-06-05,success
2589,410,29,2026-07-05,success
2590,413,29,2025-03-17,success
2591,413,29,2025-04-16,success
2592,413,29,2025-05-16,success
2593,413,29,2025-06-15,success
2594,413,29,2025-07-15,success
2595,413,29,2025-08-14,success
2596,413,29,2025-09-13,success
2597,413,29,2025-10-13,success
2598,413,29,2025-11-12,success
2599,413,29,2025-12-12,success
2600,413,29,2026-01-11,success
2601,413,29,2026-02-10,success
2602,413,29,2026-03-12,success
2603,413,29,2026-04-11,success
2604,413,29,2026-05-11,success
2605,413,29,2026-06-10,success
2606,413,29,2026-07-10,success
2607,414,29,2024-07-25,success
2608,414,29,2024-08-24,success
2609,414,29,2024-09-23,success
2610,414,29,2024-10-23,success
2611,414,29,2024-11-22,success
2612,414,29,2024-12-22,success
2613,414,29,2025-01-21,success
2614,414,29,2025-02-20,success
2615,414,29,2025-03-22,success
2616,414,29,2025-04-21,success
2617,414,29,2025-05-21,success
2618,414,29,2025-06-20,success
2619,414,29,2025-07-20,success
2620,414,29,2025-08-19,success
2621,414,29,2025-09-18,success
2622,414,29,2025-10-18,success
2623,414,29,2025-11-17,success
2624,414,29,2025-12-17,success
2625,414,29,2026-01-16,success
2626,414,29,2026-02-15,success
2627,414,29,2026-03-17,success
2628,414,29,2026-04-16,success
2629,414,29,2026-05-16,success
2630,414,29,2026-06-15,success
2631,414,29,2026-07-15,success
2632,416,29,2025-12-29,success
2633,416,29,2026-01-28,success
2634,416,29,2026-02-27,success
2635,416,29,2026-03-29,success
2636,416,29,2026-04-28,success
2637,416,29,2026-05-28,success
2638,416,29,2026-06-27,success
2639,416,29,2026-07-27,success
2640,417,29,2025-04-02,success
2641,417,29,2025-05-02,success
2642,417,29,2025-06-01,success
2643,417,29,2025-07-01,success
2644,417,29,2025-07-31,success
2645,417,29,2025-08-30,success
2646,417,29,2025-09-29,success
2647,417,29,2025-10-29,success
2648,417,29,2025-11-28,success
2649,417,29,2025-12-28,success
2650,417,29,2026-01-27,success
2651,417,29,2026-02-26,success
2652,417,29,2026-03-28,success
2653,417,29,2026-04-27,success
2654,417,29,2026-05-27,failed
2655,417,29,2026-06-26,success
2656,417,29,2026-07-26,success
2657,420,199,2024-11-05,success
2658,420,199,2024-12-05,success
2659,420,199,2025-01-04,success
2660,420,199,2025-02-03,success
2661,420,199,2025-03-05,success
2662,420,199,2025-04-04,success
2663,420,199,2025-05-04,success
2664,420,199,2025-06-03,success
2665,420,199,2025-07-03,success
2666,420,199,2025-08-02,success
2667,420,199,2025-09-01,success
2668,420,199,2025-10-01,success
2669,420,199,2025-10-31,success
2670,420,199,2025-11-30,success
2671,420,199,2025-12-30,success
2672,420,199,2026-01-29,success
2673,420,199,2026-02-28,success
2674,420,199,2026-03-30,success
2675,420,199,2026-04-29,success
2676,420,199,2026-05-29,success
2677,420,199,2026-06-28,success
2678,420,199,2026-07-28,success
2679,421,29,2024-11-27,success
2680,421,29,2024-12-27,success
2681,421,29,2025-01-26,success
2682,421,29,2025-02-25,success
2683,421,29,2025-03-27,success
2684,421,29,2025-04-26,success
2685,421,29,2025-05-26,success
2686,421,29,2025-06-25,success
2687,421,29,2025-07-25,success
2688,421,29,2025-08-24,success
2689,421,29,2025-09-23,failed
2690,421,29,2025-10-23,success
2691,421,29,2025-11-22,success
2692,421,29,2025-12-22,success
2693,421,29,2026-01-21,success
2694,421,29,2026-02-20,success
2695,421,29,2026-03-22,success
2696,421,29,2026-04-21,success
2697,421,29,2026-05-21,success
2698,421,29,2026-06-20,success
2699,421,29,2026-07-20,success
2700,424,199,2025-01-09,success
2701,424,199,2025-02-08,success
2702,424,199,2025-03-10,success
2703,424,199,2025-04-09,success
2704,424,199,2025-05-09,success
2705,424,199,2025-06-08,success
2706,424,199,2025-07-08,success
2707,424,199,2025-08-07,success
2708,425,29,2025-11-16,success
2709,425,29,2025-12-16,success
2710,425,29,2026-01-15,success
2711,425,29,2026-02-14,success
2712,425,29,2026-03-16,success
2713,425,29,2026-04-15,success
2714,425,29,2026-05-15,success
2715,425,29,2026-06-14,success
2716,425,29,2026-07-14,success
2717,427,199,2024-06-18,success
2718,427,199,2024-07-18,success
2719,427,199,2024-08-17,success
2720,427,199,2024-09-16,success
2721,427,199,2024-10-16,success
2722,427,199,2024-11-15,success
2723,427,199,2024-12-15,success
2724,427,199,2025-01-14,success
2725,427,199,2025-02-13,success
2726,427,199,2025-03-15,success
2727,427,199,2025-04-14,success
2728,427,199,2025-05-14,success
2729,427,199,2025-06-13,success
2730,427,199,2025-07-13,success
2731,427,199,2025-08-12,success
2732,427,199,2025-09-11,success
2733,427,199,2025-10-11,success
2734,427,199,2025-11-10,success
2735,427,199,2025-12-10,success
2736,427,199,2026-01-09,success
2737,427,199,2026-02-08,success
2738,427,199,2026-03-10,success
2739,427,199,2026-04-09,success
2740,427,199,2026-05-09,success
2741,427,199,2026-06-08,success
2742,427,199,2026-07-08,success
2743,428,29,2024-07-12,success
2744,428,29,2024-08-11,success
2745,428,29,2024-09-10,failed
2746,428,29,2024-10-10,success
2747,428,29,2024-11-09,success
2748,428,29,2024-12-09,success
2749,428,29,2025-01-08,success
2750,428,29,2025-02-07,success
2751,428,29,2025-03-09,success
2752,428,29,2025-04-08,success
2753,428,29,2025-05-08,success
2754,428,29,2025-06-07,success
2755,428,29,2025-07-07,success
2756,428,29,2025-08-06,success
2757,428,29,2025-09-05,success
2758,428,29,2025-10-05,success
2759,428,29,2025-11-04,success
2760,428,29,2025-12-04,success
2761,428,29,2026-01-03,success
2762,428,29,2026-02-02,success
2763,428,29,2026-03-04,success
2764,428,29,2026-04-03,success
2765,428,29,2026-05-03,success
2766,428,29,2026-06-02,success
2767,428,29,2026-07-02,success
2768,429,29,2025-01-12,success
2769,429,29,2025-02-11,success
2770,429,29,2025-03-13,success
2771,429,29,2025-04-12,success
2772,429,29,2025-05-12,success
2773,429,29,2025-06-11,success
2774,429,29,2025-07-11,success
2775,429,29,2025-08-10,success
2776,429,29,2025-09-09,success
2777,429,29,2025-10-09,success
2778,429,29,2025-11-08,success
2779,429,29,2025-12-08,success
2780,429,29,2026-01-07,success
2781,429,29,2026-02-06,success
2782,429,29,2026-03-08,success
2783,429,29,2026-04-07,success
2784,429,29,2026-05-07,success
2785,429,29,2026-06-06,success
2786,429,29,2026-07-06,success
2787,431,29,2024-06-08,success
2788,431,29,2024-07-08,success
2789,431,29,2024-08-07,success
2790,431,29,2024-09-06,success
2791,432,199,2024-05-07,success
2792,432,199,2024-06-06,success
2793,432,199,2024-07-06,success
2794,432,199,2024-08-05,failed
2795,432,199,2024-09-04,failed
2796,432,199,2024-10-04,success
2797,432,199,2024-11-03,success
2798,432,199,2024-12-03,success
2799,432,199,2025-01-02,success
2800,432,199,2025-02-01,success
2801,432,199,2025-03-03,success
2802,432,199,2025-04-02,success
2803,432,199,2025-05-02,success
2804,432,199,2025-06-01,success
2805,432,199,2025-07-01,success
2806,432,199,2025-07-31,success
2807,432,199,2025-08-30,success
2808,432,199,2025-09-29,success
2809,432,199,2025-10-29,success
2810,432,199,2025-11-28,success
2811,432,199,2025-12-28,success
2812,432,199,2026-01-27,success
2813,432,199,2026-02-26,failed
2814,432,199,2026-03-28,success
2815,432,199,2026-04-27,success
2816,432,199,2026-05-27,success
2817,432,199,2026-06-26,success
2818,432,199,2026-07-26,success
2819,434,29,2026-03-29,success
2820,434,29,2026-04-28,success
2821,436,199,2025-07-13,success
2822,436,199,2025-08-12,success
2823,436,199,2025-09-11,success
2824,436,199,2025-10-11,success
2825,436,199,2025-11-10,success
2826,436,199,2025-12-10,success
2827,436,199,2026-01-09,success
2828,436,199,2026-02-08,success
2829,436,199,2026-03-10,success
2830,436,199,2026-04-09,success
2831,436,199,2026-05-09,success
2832,436,199,2026-06-08,success
2833,436,199,2026-07-08,success
2834,437,29,2026-05-08,success
2835,437,29,2026-06-07,success
2836,437,29,2026-07-07,success
2837,438,29,2024-03-26,success
2838,438,29,2024-04-25,success
2839,438,29,2024-05-25,success
2840,438,29,2024-06-24,success
2841,438,29,2024-07-24,success
2842,438,29,2024-08-23,success
2843,438,29,2024-09-22,success
2844,438,29,2024-10-22,success
2845,438,29,2024-11-21,failed
2846,438,29,2024-12-21,success
2847,444,29,2025-02-21,success
2848,444,29,2025-03-23,success
2849,444,29,2025-04-22,success
2850,444,29,2025-05-22,success
2851,444,29,2025-06-21,success
2852,444,29,2025-07-21,success
2853,444,29,2025-08-20,success
2854,444,29,2025-09-19,success
2855,444,29,2025-10-19,success
2856,444,29,2025-11-18,success
2857,444,29,2025-12-18,success
2858,444,29,2026-01-17,success
2859,444,29,2026-02-16,success
2860,444,29,2026-03-18,success
2861,444,29,2026-04-17,success
2862,444,29,2026-05-17,success
2863,444,29,2026-06-16,success
2864,444,29,2026-07-16,success
2865,445,29,2025-05-24,success
2866,445,29,2025-06-23,success
2867,445,29,2025-07-23,success
2868,445,29,2025-08-22,success
2869,445,29,2025-09-21,success
2870,445,29,2025-10-21,success
2871,445,29,2025-11-20,success
2872,445,29,2025-12-20,success
2873,445,29,2026-01-19,success
2874,445,29,2026-02-18,success
2875,445,29,2026-03-20,success
2876,450,29,2025-04-29,success
2877,450,29,2025-05-29,failed
2878,450,29,2025-06-28,success
2879,450,29,2025-07-28,success
2880,451,199,2025-12-13,success
2881,451,199,2026-01-12,success
2882,451,199,2026-02-11,success
2883,451,199,2026-03-13,success
2884,451,199,2026-04-12,success
2885,451,199,2026-05-12,success
2886,451,199,2026-06-11,success
2887,451,199,2026-07-11,success
2888,453,29,2026-03-30,success
2889,453,29,2026-04-29,success
2890,453,29,2026-05-29,success
2891,453,29,2026-06-28,success
2892,453,29,2026-07-28,failed
2893,455,29,2026-05-08,success
2894,455,29,2026-06-07,success
2895,455,29,2026-07-07,success
2896,456,29,2024-10-17,success
2897,456,29,2024-11-16,success
2898,456,29,2024-12-16,success
2899,456,29,2025-01-15,success
2900,456,29,2025-02-14,success
2901,456,29,2025-03-16,success
2902,456,29,2025-04-15,success
2903,456,29,2025-05-15,success
2904,456,29,2025-06-14,success
2905,456,29,2025-07-14,success
2906,456,29,2025-08-13,failed
2907,456,29,2025-09-12,success
2908,456,29,2025-10-12,success
2909,456,29,2025-11-11,failed
2910,456,29,2025-12-11,success
2911,456,29,2026-01-10,success
2912,456,29,2026-02-09,success
2913,456,29,2026-03-11,success
2914,456,29,2026-04-10,success
2915,456,29,2026-05-10,success
2916,456,29,2026-06-09,success
2917,456,29,2026-07-09,success
2918,459,199,2025-03-30,success
2919,459,199,2025-04-29,success
2920,459,199,2025-05-29,failed
2921,459,199,2025-06-28,success
2922,459,199,2025-07-28,success
2923,459,199,2025-08-27,success
2924,459,199,2025-09-26,success
2925,459,199,2025-10-26,failed
2926,459,199,2025-11-25,success
2927,459,199,2025-12-25,success
2928,459,199,2026-01-24,success
2929,459,199,2026-02-23,success
2930,459,199,2026-03-25,success
2931,459,199,2026-04-24,success
2932,459,199,2026-05-24,success
2933,459,199,2026-06-23,success
2934,459,199,2026-07-23,success
2935,461,29,2025-09-28,success
2936,461,29,2025-10-28,success
2937,461,29,2025-11-27,success
2938,461,29,2025-12-27,success
2939,461,29,2026-01-26,success
2940,461,29,2026-02-25,success
2941,461,29,2026-03-27,success
2942,461,29,2026-04-26,success
2943,461,29,2026-05-26,success
2944,461,29,2026-06-25,success
2945,461,29,2026-07-25,success
2946,462,29,2026-06-05,success
2947,462,29,2026-07-05,success
2948,463,29,2024-11-05,success
2949,463,29,2024-12-05,success
2950,463,29,2025-01-04,success
2951,463,29,2025-02-03,success
2952,463,29,2025-03-05,success
2953,463,29,2025-04-04,success
2954,463,29,2025-05-04,success
2955,463,29,2025-06-03,failed
2956,463,29,2025-07-03,success
2957,463,29,2025-08-02,success
2958,463,29,2025-09-01,success
2959,463,29,2025-10-01,success
2960,463,29,2025-10-31,success
2961,463,29,2025-11-30,success
2962,463,29,2025-12-30,success
2963,463,29,2026-01-29,success
2964,463,29,2026-02-28,success
2965,463,29,2026-03-30,success
2966,463,29,2026-04-29,success
2967,463,29,2026-05-29,success
2968,463,29,2026-06-28,success
2969,463,29,2026-07-28,success
2970,464,199,2024-05-26,success
2971,464,199,2024-06-25,success
2972,464,199,2024-07-25,failed
2973,464,199,2024-08-24,success
2974,464,199,2024-09-23,success
2975,464,199,2024-10-23,success
2976,464,199,2024-11-22,success
2977,464,199,2024-12-22,success
2978,464,199,2025-01-21,success
2979,464,199,2025-02-20,success
2980,464,199,2025-03-22,success
2981,464,199,2025-04-21,success
2982,467,29,2026-04-21,success
2983,467,29,2026-05-21,success
2984,467,29,2026-06-20,success
2985,467,29,2026-07-20,success
2986,469,29,2024-04-22,success
2987,469,29,2024-05-22,success
2988,469,29,2024-06-21,success
2989,469,29,2024-07-21,success
2990,469,29,2024-08-20,success
2991,469,29,2024-09-19,success
2992,469,29,2024-10-19,failed
2993,469,29,2024-11-18,success
2994,469,29,2024-12-18,success
2995,469,29,2025-01-17,success
2996,469,29,2025-02-16,success
2997,469,29,2025-03-18,success
2998,469,29,2025-04-17,success
2999,469,29,2025-05-17,success
3000,469,29,2025-06-16,success
3001,469,29,2025-07-16,success
3002,469,29,2025-08-15,success
3003,469,29,2025-09-14,success
3004,469,29,2025-10-14,success
3005,469,29,2025-11-13,success
3006,469,29,2025-12-13,success
3007,469,29,2026-01-12,success
3008,469,29,2026-02-11,success
3009,469,29,2026-03-13,success
3010,469,29,2026-04-12,success
3011,469,29,2026-05-12,success
3012,469,29,2026-06-11,success
3013,469,29,2026-07-11,success
3014,472,29,2025-04-26,success
3015,472,29,2025-05-26,success
3016,472,29,2025-06-25,success
3017,472,29,2025-07-25,success
3018,472,29,2025-08-24,success
3019,472,29,2025-09-23,success
3020,472,29,2025-10-23,success
3021,472,29,2025-11-22,success
3022,472,29,2025-12-22,success
3023,472,29,2026-01-21,success
3024,472,29,2026-02-20,failed
3025,472,29,2026-03-22,success
3026,472,29,2026-04-21,success
3027,472,29,2026-05-21,success
3028,472,29,2026-06-20,success
3029,472,29,2026-07-20,success
3030,474,29,2025-11-25,success
3031,474,29,2025-12-25,success
3032,474,29,2026-01-24,success
3033,474,29,2026-02-23,success
3034,474,29,2026-03-25,success
3035,474,29,2026-04-24,success
3036,474,29,2026-05-24,success
3037,474,29,2026-06-23,success
3038,474,29,2026-07-23,success
3039,475,29,2025-01-09,success
3040,475,29,2025-02-08,success
3041,475,29,2025-03-10,success
3042,475,29,2025-04-09,success
3043,475,29,2025-05-09,failed
3044,475,29,2025-06-08,success
3045,475,29,2025-07-08,success
3046,475,29,2025-08-07,success
3047,475,29,2025-09-06,success
3048,475,29,2025-10-06,success
3049,475,29,2025-11-05,success
3050,475,29,2025-12-05,success
3051,475,29,2026-01-04,success
3052,475,29,2026-02-03,success
3053,475,29,2026-03-05,success
3054,475,29,2026-04-04,success
3055,475,29,2026-05-04,success
3056,475,29,2026-06-03,success
3057,475,29,2026-07-03,success
3058,476,29,2025-08-26,success
3059,476,29,2025-09-25,success
3060,476,29,2025-10-25,success
3061,476,29,2025-11-24,success
3062,476,29,2025-12-24,success
3063,476,29,2026-01-23,success
3064,476,29,2026-02-22,success
3065,476,29,2026-03-24,success
3066,476,29,2026-04-23,success
3067,476,29,2026-05-23,success
3068,476,29,2026-06-22,success
3069,476,29,2026-07-22,success
3070,477,29,2024-09-23,success
3071,477,29,2024-10-23,success
3072,477,29,2024-11-22,success
3073,477,29,2024-12-22,success
3074,477,29,2025-01-21,success
3075,477,29,2025-02-20,success
3076,477,29,2025-03-22,success
3077,477,29,2025-04-21,success
3078,477,29,2025-05-21,success
3079,477,29,2025-06-20,success
3080,477,29,2025-07-20,success
3081,477,29,2025-08-19,success
3082,477,29,2025-09-18,failed
3083,477,29,2025-10-18,success
3084,477,29,2025-11-17,success
3085,477,29,2025-12-17,success
3086,477,29,2026-01-16,success
3087,477,29,2026-02-15,success
3088,477,29,2026-03-17,success
3089,477,29,2026-04-16,success
3090,477,29,2026-05-16,success
3091,477,29,2026-06-15,success
3092,477,29,2026-07-15,success
3093,479,29,2026-01-13,success
3094,479,29,2026-02-12,success
3095,479,29,2026-03-14,success
3096,479,29,2026-04-13,success
3097,480,29,2024-10-30,success
3098,480,29,2024-11-29,success
3099,480,29,2024-12-29,success
3100,480,29,2025-01-28,success
3101,480,29,2025-02-27,success
3102,480,29,2025-03-29,success
3103,480,29,2025-04-28,success
3104,480,29,2025-05-28,success
3105,480,29,2025-06-27,success
3106,480,29,2025-07-27,success
3107,480,29,2025-08-26,success
3108,480,29,2025-09-25,success
3109,480,29,2025-10-25,success
3110,480,29,2025-11-24,success
3111,480,29,2025-12-24,success
3112,480,29,2026-01-23,success
3113,480,29,2026-02-22,success
3114,480,29,2026-03-24,success
3115,480,29,2026-04-23,success
3116,480,29,2026-05-23,success
3117,480,29,2026-06-22,success
3118,480,29,2026-07-22,success
3119,483,29,2025-06-27,success
3120,483,29,2025-07-27,success
3121,483,29,2025-08-26,success
3122,483,29,2025-09-25,success
3123,483,29,2025-10-25,success
3124,483,29,2025-11-24,success
3125,483,29,2025-12-24,success
3126,483,29,2026-01-23,success
3127,483,29,2026-02-22,success
3128,483,29,2026-03-24,success
3129,483,29,2026-04-23,success
3130,483,29,2026-05-23,success
3131,483,29,2026-06-22,success
3132,483,29,2026-07-22,success
3133,484,29,2024-08-22,success
3134,484,29,2024-09-21,success
3135,484,29,2024-10-21,success
3136,484,29,2024-11-20,success
3137,484,29,2024-12-20,success
3138,484,29,2025-01-19,success
3139,484,29,2025-02-18,success
3140,484,29,2025-03-20,success
3141,484,29,2025-04-19,success
3142,484,29,2025-05-19,success
3143,484,29,2025-06-18,success
3144,484,29,2025-07-18,success
3145,484,29,2025-08-17,success
3146,484,29,2025-09-16,success
3147,484,29,2025-10-16,success
3148,484,29,2025-11-15,success
3149,484,29,2025-12-15,success
3150,484,29,2026-01-14,success
3151,484,29,2026-02-13,success
3152,484,29,2026-03-15,success
3153,484,29,2026-04-14,success
3154,484,29,2026-05-14,success
3155,484,29,2026-06-13,success
3156,484,29,2026-07-13,success
3157,487,29,2024-08-16,success
3158,487,29,2024-09-15,success
3159,487,29,2024-10-15,success
3160,487,29,2024-11-14,success
3161,487,29,2024-12-14,success
3162,487,29,2025-01-13,success
3163,487,29,2025-02-12,success
3164,487,29,2025-03-14,success
3165,487,29,2025-04-13,success
3166,487,29,2025-05-13,success
3167,487,29,2025-06-12,success
3168,487,29,2025-07-12,success
3169,487,29,2025-08-11,success
3170,487,29,2025-09-10,success
3171,487,29,2025-10-10,success
3172,487,29,2025-11-09,success
3173,487,29,2025-12-09,success
3174,487,29,2026-01-08,success
3175,487,29,2026-02-07,success
3176,487,29,2026-03-09,success
3177,487,29,2026-04-08,success
3178,487,29,2026-05-08,success
3179,487,29,2026-06-07,success
3180,487,29,2026-07-07,success
3181,489,29,2024-11-02,success
3182,489,29,2024-12-02,success
3183,489,29,2025-01-01,success
3184,489,29,2025-01-31,success
3185,489,29,2025-03-02,success
3186,489,29,2025-04-01,failed
3187,489,29,2025-05-01,success
3188,489,29,2025-05-31,failed
3189,489,29,2025-06-30,success
3190,490,29,2026-02-03,success
3191,490,29,2026-03-05,success
3192,490,29,2026-04-04,success
3193,490,29,2026-05-04,success
3194,490,29,2026-06-03,success
3195,490,29,2026-07-03,success
3196,493,29,2024-11-29,success
3197,493,29,2024-12-29,success
3198,493,29,2025-01-28,success
3199,493,29,2025-02-27,success
3200,493,29,2025-03-29,success
3201,493,29,2025-04-28,success
3202,493,29,2025-05-28,success
3203,493,29,2025-06-27,success
3204,493,29,2025-07-27,success
3205,493,29,2025-08-26,success
3206,493,29,2025-09-25,success
3207,493,29,2025-10-25,success
3208,493,29,2025-11-24,success
3209,493,29,2025-12-24,success
3210,493,29,2026-01-23,failed
3211,493,29,2026-02-22,success
3212,493,29,2026-03-24,success
3213,493,29,2026-04-23,success
3214,493,29,2026-05-23,failed
3215,493,29,2026-06-22,success
3216,493,29,2026-07-22,success
3217,494,29,2024-05-06,success
3218,494,29,2024-06-05,success
3219,494,29,2024-07-05,failed
3220,494,29,2024-08-04,success
3221,494,29,2024-09-03,success
3222,494,29,2024-10-03,success
3223,494,29,2024-11-02,success
3224,494,29,2024-12-02,success
3225,494,29,2025-01-01,success
3226,494,29,2025-01-31,success
3227,494,29,2025-03-02,success
3228,494,29,2025-04-01,success
3229,494,29,2025-05-01,success
3230,494,29,2025-05-31,success
3231,494,29,2025-06-30,success
3232,494,29,2025-07-30,success
3233,494,29,2025-08-29,success
3234,494,29,2025-09-28,success
3235,494,29,2025-10-28,success
3236,494,29,2025-11-27,success
3237,494,29,2025-12-27,success
3238,494,29,2026-01-26,success
3239,494,29,2026-02-25,success
3240,494,29,2026-03-27,failed
3241,494,29,2026-04-26,success
3242,494,29,2026-05-26,success
3243,494,29,2026-06-25,success
3244,494,29,2026-07-25,success
3245,495,29,2024-03-09,success
3246,495,29,2024-04-08,success
3247,495,29,2024-05-08,success
3248,495,29,2024-06-07,success
3249,495,29,2024-07-07,success
3250,495,29,2024-08-06,success
3251,495,29,2024-09-05,success
3252,495,29,2024-10-05,success
3253,495,29,2024-11-04,success
3254,495,29,2024-12-04,success
3255,495,29,2025-01-03,success
3256,495,29,2025-02-02,success
3257,495,29,2025-03-04,success
3258,495,29,2025-04-03,success
3259,495,29,2025-05-03,success
3260,495,29,2025-06-02,success
3261,495,29,2025-07-02,success
3262,495,29,2025-08-01,success
3263,495,29,2025-08-31,success
3264,495,29,2025-09-30,success
3265,495,29,2025-10-30,success
3266,495,29,2025-11-29,success
3267,495,29,2025-12-29,success
3268,495,29,2026-01-28,success
3269,495,29,2026-02-27,success
3270,495,29,2026-03-29,success
3271,495,29,2026-04-28,success
3272,495,29,2026-05-28,success
3273,495,29,2026-06-27,success
3274,495,29,2026-07-27,success
3275,500,29,2026-05-06,success
3276,500,29,2026-06-05,success
3277,500,29,2026-07-05,success
